window_id,product,label_binary,acc_Y_rms_low,acc_Y_rms_mid,acc_Y_rms_high,acc_Sum_rms_low,acc_Sum_rms_mid,acc_Sum_rms_high,Gyro_Y_rms_low,Gyro_Y_rms_mid,Gyro_Y_rms_high
100W_S05_CCW_R4_W0096,100W,1,0.03906003749938108,0.07276641710849514,0.0598561084668538,0.026098630384686572,0.05454970958721111,0.0414838526844314,0.009187690233872855,0.002647518280804035,0.0010897584895088587
100W_S01_CW_R4_W0027,100W,1,0.03876252657855852,0.10186390093593016,0.07461867239194761,0.04031148323331189,0.05432143915498839,0.06017268854071071,0.01292649302252098,0.0050082713111350985,0.00180726268573765
100W_S06_CW_R4_W0127,100W,1,0.04352417292626999,0.05627191165661783,0.06019968472528083,0.03506848718645396,0.04799295863629547,0.046402800339533846,0.011618822882593152,0.0033069545604086136,0.0012214152083832115
100W_S05_CW_R4_W0104,100W,1,0.042458379309975314,0.0610022624483212,0.05827291276788558,0.03535600802328582,0.046996003140142566,0.04146215982671723,0.009949274517457014,0.002886696880631141,0.001040016260752074
100W_S00_CW_R4_W0010,100W,1,0.026786957041988028,0.053192163269022125,0.04377394818313445,0.022100491010439084,0.038506236827411805,0.036393866189377885,0.0067587130861439465,0.002695474346346281,0.001032991147476063
200W_S02_CW_R4_W0467,200W,1,0.042518650673659245,0.09242243661050306,0.14948871682720707,0.048719343511771186,0.10601002079569671,0.09797822077230244,0.010847870103186615,0.00434440928891974,0.0016147472199496238
100W_S00_CCW_R4_W0002,100W,1,0.023336874523531212,0.06366396694346986,0.07326044403366706,0.02922284380271669,0.045662673910520736,0.04362384239615017,0.007980334418288852,0.002574742842673885,0.0011540801934251143
200W_S02_CW_R4_W0437,200W,1,0.011365713236995346,0.0214880994917455,0.021217858292658563,0.007536935957712513,0.014435104558084165,0.015776691824675365,0.0013403269395251625,0.0005581489187942602,0.0002456813553391838
100W_S01_CW_R4_W0024,100W,1,0.04356544699628378,0.1297295071998417,0.09721601558118215,0.03381250297894345,0.06516089578048354,0.0719198439053294,0.01713947361707482,0.005454466748619106,0.0023037749260889427
200W_S02_CW_R4_W0447,200W,1,0.033898290702890445,0.08898513398211089,0.12881582423851073,0.03970282474310774,0.10389056727062881,0.08928328020774556,0.009485840751126498,0.0036534021721776654,0.0013732967914872037
100W_S06_CW_R4_W0124,100W,1,0.047999038231599504,0.07078476236077619,0.07545160512032699,0.043008443382887736,0.05036078939932029,0.0543065034337355,0.013132703250426408,0.0037594765384699217,0.001368265250170748
200W_S02_CW_R4_W0450,200W,1,0.03230070519280551,0.11477703109352122,0.18872444110977274,0.047465911500138444,0.10725977073266002,0.10828055084465892,0.015159326140420707,0.00539669175753672,0.0021714589557139076
200W_S02_CW_R4_W0447,200W,1,0.033898290702890445,0.08898513398211089,0.12881582423851073,0.03970282474310774,0.10389056727062881,0.08928328020774556,0.009485840751126498,0.0036534021721776654,0.0013732967914872037
200W_S02_CW_R4_W0430,200W,1,0.03636509184524931,0.10882056003476935,0.1396224504846511,0.03363659406362296,0.05878201294048773,0.07845997561515128,0.013301005421018464,0.004066492792147197,0.0016896298827545034
100W_S01_CCW_R4_W0018,100W,1,0.0658352013448837,0.1194594659710448,0.08937289191756057,0.040348508727987405,0.08906036831973184,0.06650892452357468,0.015609273147564174,0.0049912865825734514,0.0018783321729383628
200W_S02_CW_R4_W0462,200W,1,0.0690804397004498,0.11431291319280734,0.1740421973646543,0.0480226077730795,0.1053289363252803,0.10392692714940534,0.01296759919271475,0.004684213544244658,0.0020530643780145214
100W_S00_CCW_R4_W0001,100W,1,0.021952316527602902,0.05494894808115089,0.06351746266140644,0.02470778719487015,0.044049452705260506,0.0421743381683498,0.006895288231508092,0.0024210603630679278,0.0008577556621349279
200W_S02_CW_R4_W0432,200W,1,0.026714899033542797,0.03976099628434046,0.07421748182229652,0.026608928536500192,0.0325033619130471,0.03152965900714252,0.007012411147514846,0.0016353517355319617,0.0007428733206552794
200W_S03_CW_R4_W0510,200W,1,0.04784265994385615,0.09120652451353695,0.141626005351933,0.06326236028597708,0.13168388890811605,0.08848898022121435,0.013870183234076943,0.00418696600884287,0.001880723728611477
200W_S03_CW_R4_W0508,200W,1,0.058900687379400275,0.07533007231222315,0.07663085923834911,0.04425913854568798,0.10611164235953202,0.07005729545684795,0.011336723986882347,0.0032272332758381227,0.0012221519025961223
200W_S03_CW_R4_W0506,200W,1,0.05273210460270833,0.09164080179175732,0.13734687677683818,0.0553099271704198,0.12658063938785005,0.08513899562507898,0.01068065797508261,0.004188599516897236,0.0017610277853127997
100W_S00_CW_R4_W0009,100W,1,0.02468403549614492,0.06462978799983295,0.08045971144111237,0.025054644613296165,0.06395417185313086,0.05523607828786105,0.0066696881487391625,0.002811696324667762,0.0008897774675133016
200W_S03_CCW_R4_W0499,200W,1,0.06932394065648931,0.07851537661811948,0.05966194435380342,0.08317429879269336,0.1226770709175283,0.06957716976991248,0.010101808743855765,0.0036258646912465053,0.0011180258757913246
200W_S03_CW_R4_W0509,200W,1,0.04774700920459919,0.07992027872916191,0.13626545553626976,0.03703258465762087,0.09500479576944357,0.07806132214784976,0.013146174352627318,0.0038512479402160135,0.0018548680757427961
200W_S02_CW_R4_W0448,200W,1,0.02844033470240374,0.0881870528589075,0.12037599897879957,0.040486767273510395,0.06657965067094111,0.0676897686747322,0.009898646740466784,0.003407336988110649,0.0012847951233484669
200W_S02_CW_R4_W0433,200W,1,0.011785581541411697,0.023159287752692315,0.020165712935277823,0.007625271908099639,0.014044863952179689,0.01557351602255149,0.0015406619352048008,0.000538385951305108,0.0002724149108206821
100W_S06_CW_R4_W0126,100W,1,0.04218014971093789,0.07274385123378493,0.06730865154286234,0.030616305263063102,0.049905590920232695,0.04962828778419461,0.010625024423517728,0.003199425368870377,0.0012142498867354007
200W_S02_CW_R4_W0448,200W,1,0.02844033470240374,0.0881870528589075,0.12037599897879957,0.040486767273510395,0.06657965067094111,0.0676897686747322,0.009898646740466784,0.003407336988110649,0.0012847951233484669
100W_S05_CCW_R4_W0098,100W,1,0.0324143056561335,0.06262588453764498,0.065381605483179,0.023285666794867488,0.04745270384275976,0.042933548173224784,0.009103074170405168,0.003126753888431224,0.0011973431846754078
200W_S02_CW_R4_W0449,200W,1,0.026379211596509383,0.1119141108091328,0.16911339396792893,0.040978988741263454,0.06554965893076471,0.08406745440742014,0.014197933718371282,0.005208310081039452,0.0021121096715024106
200W_S02_CW_R4_W0421,200W,1,0.0282341612903513,0.08388552969699789,0.09395063144874678,0.033888300845806386,0.07371876153113603,0.0618831019740966,0.01059708622987771,0.00360663181497028,0.001377970796267432
200W_S02_CW_R4_W0463,200W,1,0.033898290702890445,0.08898513398211089,0.12881582423851073,0.03970282474310774,0.10389056727062881,0.08928328020774556,0.009485840751126498,0.0036534021721776654,0.0013732967914872037
200W_S03_CW_R4_W0506,200W,1,0.05273210460270833,0.09164080179175732,0.13734687677683818,0.0553099271704198,0.12658063938785005,0.08513899562507898,0.01068065797508261,0.004188599516897236,0.0017610277853127997
200W_S03_CW_R4_W0507,200W,1,0.08728090565964121,0.08825935477063956,0.08800114708376766,0.0798379817987567,0.13414982605901166,0.08125393934932212,0.011232229034825842,0.0032524355293031934,0.0011030065435172762
100W_S00_CW_R4_W0009,100W,1,0.02468403549614492,0.06462978799983295,0.08045971144111237,0.025054644613296165,0.06395417185313086,0.05523607828786105,0.0066696881487391625,0.002811696324667762,0.0008897774675133016
100W_S06_CW_R4_W0133,100W,1,0.03840657846108447,0.06724374629877156,0.06110072343293783,0.0302462647715699,0.0487290437691204,0.04620937843567959,0.010871424871978565,0.0030572569891847688,0.001102466679359324
100W_S05_CW_R4_W0107,100W,1,0.033357161018793796,0.06005750923401534,0.05320610274825091,0.02526019465245618,0.04573590245506514,0.040475022712313624,0.008787429820823237,0.0026312122418841494,0.00101529224442705
200W_S02_CW_R4_W0421,200W,1,0.0282341612903513,0.08388552969699789,0.09395063144874678,0.033888300845806386,0.07371876153113603,0.0618831019740966,0.01059708622987771,0.00360663181497028,0.001377970796267432
100W_S05_CW_R4_W0110,100W,1,0.034075056876659175,0.06061107938202111,0.054372186939211184,0.02528421691959828,0.048158296681573044,0.04135186035947679,0.009003163053536482,0.0025284880906327003,0.0009165673955606673
200W_S02_CW_R4_W0434,200W,1,0.010702466974663389,0.02259685800629685,0.0204174133981387,0.008301649096002008,0.01476421627524901,0.016021933113437643,0.001632409560387873,0.0005236434647854568,0.00025966094223453426
100W_S06_CW_R4_W0133,100W,1,0.03840657846108447,0.06724374629877156,0.06110072343293783,0.0302462647715699,0.0487290437691204,0.04620937843567959,0.010871424871978565,0.0030572569891847688,0.001102466679359324
100W_S06_CW_R4_W0126,100W,1,0.04218014971093789,0.07274385123378493,0.06730865154286234,0.030616305263063102,0.049905590920232695,0.04962828778419461,0.010625024423517728,0.003199425368870377,0.0012142498867354007
200W_S02_CW_R4_W0446,200W,1,0.0690804397004498,0.11431291319280734,0.1740421973646543,0.0480226077730795,0.1053289363252803,0.10392692714940534,0.01296759919271475,0.004684213544244658,0.0020530643780145214
200W_S03_CW_R4_W0508,200W,1,0.058900687379400275,0.07533007231222315,0.07663085923834911,0.04425913854568798,0.10611164235953202,0.07005729545684795,0.011336723986882347,0.0032272332758381227,0.0012221519025961223
200W_S02_CW_R4_W0463,200W,1,0.033898290702890445,0.08898513398211089,0.12881582423851073,0.03970282474310774,0.10389056727062881,0.08928328020774556,0.009485840751126498,0.0036534021721776654,0.0013732967914872037
200W_S02_CW_R4_W0421,200W,1,0.0282341612903513,0.08388552969699789,0.09395063144874678,0.033888300845806386,0.07371876153113603,0.0618831019740966,0.01059708622987771,0.00360663181497028,0.001377970796267432
100W_S00_CCW_R4_W0001,100W,1,0.021952316527602902,0.05494894808115089,0.06351746266140644,0.02470778719487015,0.044049452705260506,0.0421743381683498,0.006895288231508092,0.0024210603630679278,0.0008577556621349279
100W_S00_CW_R4_W0010,100W,1,0.026786957041988028,0.053192163269022125,0.04377394818313445,0.022100491010439084,0.038506236827411805,0.036393866189377885,0.0067587130861439465,0.002695474346346281,0.001032991147476063
100W_S06_CW_R4_W0133,100W,1,0.03840657846108447,0.06724374629877156,0.06110072343293783,0.0302462647715699,0.0487290437691204,0.04620937843567959,0.010871424871978565,0.0030572569891847688,0.001102466679359324
100W_S01_CCW_R4_W0021,100W,1,0.05868701164080141,0.13038423359008083,0.08754526731453531,0.040368703404986286,0.09641175425994368,0.06971083162051947,0.016602282638742163,0.005221620854647896,0.002078687231139556
200W_S02_CW_R4_W0421,200W,1,0.0282341612903513,0.08388552969699789,0.09395063144874678,0.033888300845806386,0.07371876153113603,0.0618831019740966,0.01059708622987771,0.00360663181497028,0.001377970796267432
100W_S06_CW_R4_W0126,100W,1,0.04218014971093789,0.07274385123378493,0.06730865154286234,0.030616305263063102,0.049905590920232695,0.04962828778419461,0.010625024423517728,0.003199425368870377,0.0012142498867354007
100W_S00_CCW_R4_W0001,100W,1,0.021952316527602902,0.05494894808115089,0.06351746266140644,0.02470778719487015,0.044049452705260506,0.0421743381683498,0.006895288231508092,0.0024210603630679278,0.0008577556621349279
100W_S00_CCW_R4_W0003,100W,1,0.022419874556708096,0.05638391940986926,0.05506960287533648,0.027290437909314815,0.049182402297765285,0.03990809790450594,0.007935493129584513,0.002518080960544919,0.0011134433301144707
100W_S05_CCW_R4_W0098,100W,1,0.0324143056561335,0.06262588453764498,0.065381605483179,0.023285666794867488,0.04745270384275976,0.042933548173224784,0.009103074170405168,0.003126753888431224,0.0011973431846754078
200W_S02_CW_R4_W0423,200W,1,0.048001617085635655,0.12289258815134363,0.18427311275670677,0.049198037291911,0.10024933421609554,0.1059095094549416,0.014777231131946173,0.004586228319277129,0.002064757448379837
100W_S00_CCW_R4_W0001,100W,1,0.021952316527602902,0.05494894808115089,0.06351746266140644,0.02470778719487015,0.044049452705260506,0.0421743381683498,0.006895288231508092,0.0024210603630679278,0.0008577556621349279
100W_S00_CCW_R4_W0001,100W,1,0.021952316527602902,0.05494894808115089,0.06351746266140644,0.02470778719487015,0.044049452705260506,0.0421743381683498,0.006895288231508092,0.0024210603630679278,0.0008577556621349279
100W_S01_CW_R4_W0025,100W,1,0.03797232261925258,0.10103217731864533,0.10460211291996373,0.03334491223488613,0.06883260079680202,0.06358442642853104,0.015751016160565904,0.004927610236008846,0.0019626226672931762
100W_S00_CCW_R4_W0002,100W,1,0.023336874523531212,0.06366396694346986,0.07326044403366706,0.02922284380271669,0.045662673910520736,0.04362384239615017,0.007980334418288852,0.002574742842673885,0.0011540801934251143
200W_S02_CW_R4_W0421,200W,1,0.0282341612903513,0.08388552969699789,0.09395063144874678,0.033888300845806386,0.07371876153113603,0.0618831019740966,0.01059708622987771,0.00360663181497028,0.001377970796267432
100W_S05_CCW_R4_W0098,100W,1,0.0324143056561335,0.06262588453764498,0.065381605483179,0.023285666794867488,0.04745270384275976,0.042933548173224784,0.009103074170405168,0.003126753888431224,0.0011973431846754078
100W_S00_CCW_R4_W0002,100W,1,0.023336874523531212,0.06366396694346986,0.07326044403366706,0.02922284380271669,0.045662673910520736,0.04362384239615017,0.007980334418288852,0.002574742842673885,0.0011540801934251143
100W_S01_CCW_R4_W0021,100W,1,0.05868701164080141,0.13038423359008083,0.08754526731453531,0.040368703404986286,0.09641175425994368,0.06971083162051947,0.016602282638742163,0.005221620854647896,0.002078687231139556
200W_S02_CW_R4_W0467,200W,1,0.042518650673659245,0.09242243661050306,0.14948871682720707,0.048719343511771186,0.10601002079569671,0.09797822077230244,0.010847870103186615,0.00434440928891974,0.0016147472199496238
200W_S02_CW_R4_W0465,200W,1,0.026379211596509383,0.1119141108091328,0.16911339396792893,0.040978988741263454,0.06554965893076471,0.08406745440742014,0.014197933718371282,0.005208310081039452,0.0021121096715024106
200W_S02_CW_R4_W0448,200W,1,0.02844033470240374,0.0881870528589075,0.12037599897879957,0.040486767273510395,0.06657965067094111,0.0676897686747322,0.009898646740466784,0.003407336988110649,0.0012847951233484669
200W_S02_CW_R4_W0447,200W,1,0.033898290702890445,0.08898513398211089,0.12881582423851073,0.03970282474310774,0.10389056727062881,0.08928328020774556,0.009485840751126498,0.0036534021721776654,0.0013732967914872037
100W_S00_CW_R4_W0009,100W,1,0.02468403549614492,0.06462978799983295,0.08045971144111237,0.025054644613296165,0.06395417185313086,0.05523607828786105,0.0066696881487391625,0.002811696324667762,0.0008897774675133016
100W_S01_CCW_R4_W0018,100W,1,0.0658352013448837,0.1194594659710448,0.08937289191756057,0.040348508727987405,0.08906036831973184,0.06650892452357468,0.015609273147564174,0.0049912865825734514,0.0018783321729383628
200W_S02_CW_R4_W0421,200W,1,0.0282341612903513,0.08388552969699789,0.09395063144874678,0.033888300845806386,0.07371876153113603,0.0618831019740966,0.01059708622987771,0.00360663181497028,0.001377970796267432
100W_S05_CCW_R4_W0096,100W,1,0.03906003749938108,0.07276641710849514,0.0598561084668538,0.026098630384686572,0.05454970958721111,0.0414838526844314,0.009187690233872855,0.002647518280804035,0.0010897584895088587
200W_S03_CW_R4_W0509,200W,1,0.04774700920459919,0.07992027872916191,0.13626545553626976,0.03703258465762087,0.09500479576944357,0.07806132214784976,0.013146174352627318,0.0038512479402160135,0.0018548680757427961
200W_S03_CW_R4_W0506,200W,1,0.05273210460270833,0.09164080179175732,0.13734687677683818,0.0553099271704198,0.12658063938785005,0.08513899562507898,0.01068065797508261,0.004188599516897236,0.0017610277853127997
100W_S06_CW_R4_W0124,100W,1,0.047999038231599504,0.07078476236077619,0.07545160512032699,0.043008443382887736,0.05036078939932029,0.0543065034337355,0.013132703250426408,0.0037594765384699217,0.001368265250170748
100W_S00_CCW_R4_W0003,100W,1,0.022419874556708096,0.05638391940986926,0.05506960287533648,0.027290437909314815,0.049182402297765285,0.03990809790450594,0.007935493129584513,0.002518080960544919,0.0011134433301144707
100W_S00_CCW_R4_W0002,100W,1,0.023336874523531212,0.06366396694346986,0.07326044403366706,0.02922284380271669,0.045662673910520736,0.04362384239615017,0.007980334418288852,0.002574742842673885,0.0011540801934251143
200W_S02_CW_R4_W0451,200W,1,0.042518650673659245,0.09242243661050306,0.14948871682720707,0.048719343511771186,0.10601002079569671,0.09797822077230244,0.010847870103186615,0.00434440928891974,0.0016147472199496238
100W_S01_CCW_R4_W0021,100W,1,0.05868701164080141,0.13038423359008083,0.08754526731453531,0.040368703404986286,0.09641175425994368,0.06971083162051947,0.016602282638742163,0.005221620854647896,0.002078687231139556
100W_S06_CW_R4_W0127,100W,1,0.04352417292626999,0.05627191165661783,0.06019968472528083,0.03506848718645396,0.04799295863629547,0.046402800339533846,0.011618822882593152,0.0033069545604086136,0.0012214152083832115
100W_S05_CCW_R4_W0098,100W,1,0.0324143056561335,0.06262588453764498,0.065381605483179,0.023285666794867488,0.04745270384275976,0.042933548173224784,0.009103074170405168,0.003126753888431224,0.0011973431846754078
200W_S02_CW_R4_W0449,200W,1,0.026379211596509383,0.1119141108091328,0.16911339396792893,0.040978988741263454,0.06554965893076471,0.08406745440742014,0.014197933718371282,0.005208310081039452,0.0021121096715024106
100W_S06_CW_R4_W0133,100W,1,0.03840657846108447,0.06724374629877156,0.06110072343293783,0.0302462647715699,0.0487290437691204,0.04620937843567959,0.010871424871978565,0.0030572569891847688,0.001102466679359324
100W_S06_CW_R4_W0133,100W,1,0.03840657846108447,0.06724374629877156,0.06110072343293783,0.0302462647715699,0.0487290437691204,0.04620937843567959,0.010871424871978565,0.0030572569891847688,0.001102466679359324
100W_S05_CCW_R4_W0096,100W,1,0.03906003749938108,0.07276641710849514,0.0598561084668538,0.026098630384686572,0.05454970958721111,0.0414838526844314,0.009187690233872855,0.002647518280804035,0.0010897584895088587
200W_S02_CW_R4_W0421,200W,1,0.0282341612903513,0.08388552969699789,0.09395063144874678,0.033888300845806386,0.07371876153113603,0.0618831019740966,0.01059708622987771,0.00360663181497028,0.001377970796267432
200W_S03_CCW_R4_W0498,200W,1,0.0697550981736348,0.09611324421231983,0.09111984119695758,0.09643675162836174,0.12508710358521036,0.07524340406327566,0.009786855993106417,0.003380087589568635,0.0011725619667395505
200W_S02_CW_R4_W0423,200W,1,0.048001617085635655,0.12289258815134363,0.18427311275670677,0.049198037291911,0.10024933421609554,0.1059095094549416,0.014777231131946173,0.004586228319277129,0.002064757448379837
100W_S00_CCW_R4_W0003,100W,1,0.022419874556708096,0.05638391940986926,0.05506960287533648,0.027290437909314815,0.049182402297765285,0.03990809790450594,0.007935493129584513,0.002518080960544919,0.0011134433301144707
100W_S06_CW_R4_W0133,100W,1,0.03840657846108447,0.06724374629877156,0.06110072343293783,0.0302462647715699,0.0487290437691204,0.04620937843567959,0.010871424871978565,0.0030572569891847688,0.001102466679359324
200W_S02_CW_R4_W0421,200W,1,0.0282341612903513,0.08388552969699789,0.09395063144874678,0.033888300845806386,0.07371876153113603,0.0618831019740966,0.01059708622987771,0.00360663181497028,0.001377970796267432
100W_S06_CW_R4_W0126,100W,1,0.04218014971093789,0.07274385123378493,0.06730865154286234,0.030616305263063102,0.049905590920232695,0.04962828778419461,0.010625024423517728,0.003199425368870377,0.0012142498867354007
200W_S02_CW_R4_W0448,200W,1,0.02844033470240374,0.0881870528589075,0.12037599897879957,0.040486767273510395,0.06657965067094111,0.0676897686747322,0.009898646740466784,0.003407336988110649,0.0012847951233484669
100W_S00_CCW_R4_W0003,100W,1,0.022419874556708096,0.05638391940986926,0.05506960287533648,0.027290437909314815,0.049182402297765285,0.03990809790450594,0.007935493129584513,0.002518080960544919,0.0011134433301144707
100W_S01_CCW_R4_W0018,100W,1,0.0658352013448837,0.1194594659710448,0.08937289191756057,0.040348508727987405,0.08906036831973184,0.06650892452357468,0.015609273147564174,0.0049912865825734514,0.0018783321729383628
100W_S06_CW_R4_W0126,100W,1,0.04218014971093789,0.07274385123378493,0.06730865154286234,0.030616305263063102,0.049905590920232695,0.04962828778419461,0.010625024423517728,0.003199425368870377,0.0012142498867354007
100W_S01_CW_R4_W0024,100W,1,0.04356544699628378,0.1297295071998417,0.09721601558118215,0.03381250297894345,0.06516089578048354,0.0719198439053294,0.01713947361707482,0.005454466748619106,0.0023037749260889427
200W_S03_CW_R4_W0505,200W,1,0.05716684807896025,0.08028877260679432,0.13196774013407941,0.05468557171390766,0.09964409516001399,0.07573329588115482,0.009895488977279905,0.004057799116780788,0.0017865356717293203
100W_S06_CW_R4_W0133,100W,1,0.03840657846108447,0.06724374629877156,0.06110072343293783,0.0302462647715699,0.0487290437691204,0.04620937843567959,0.010871424871978565,0.0030572569891847688,0.001102466679359324
200W_S02_CW_R4_W0421,200W,1,0.0282341612903513,0.08388552969699789,0.09395063144874678,0.033888300845806386,0.07371876153113603,0.0618831019740966,0.01059708622987771,0.00360663181497028,0.001377970796267432
100W_S08_CW_R4_W0167,100W,0,0.03841555340963924,0.06691876050659001,0.057496395238017986,0.030664976041320815,0.05679416642891399,0.04895193289441229,0.007236465381638021,0.003053392232130765,0.0010767475330815022
100W_S18_CW_R4_W0250,100W,0,0.03839331088763494,0.08623716181481499,0.1217727497474029,0.0279255638801355,0.05920448711888218,0.07093681613287196,0.011636154386387189,0.003647666885484279,0.0013721625114714645
200W_S19_CCW_R4_W0402,200W,0,0.02775640096043957,0.08962352327852913,0.14775325002854306,0.04266325744154746,0.06753323963315455,0.0787191040614839,0.015287691430520615,0.0060671129692643246,0.002265039945079217
100W_S09_CW_R4_W0188,100W,0,0.014686904850748812,0.06250726485008201,0.059474309817240896,0.019028850026973756,0.03940883096627414,0.0385690978294288,0.006399205801364151,0.002423458914980781,0.0009209613735586508
100W_S03_CW_R4_W0067,100W,0,0.06952784897260111,0.091638484683081,0.07944404770805776,0.05954668608176826,0.07060864785046646,0.059817656915975514,0.017558079843248732,0.004175562718513521,0.0017263465901647035
100W_S09_CCW_R4_W0175,100W,0,0.017142536453888278,0.05022571865071156,0.04964555369075386,0.01691036699205917,0.03592949028164231,0.03478009817226843,0.006456113611296365,0.0021047172266583495,0.0008572041117880127
200W_S04_CW_R4_W0525,200W,0,0.04074328883816553,0.10797751295128545,0.15710704807329007,0.0582094355673685,0.0731784410736611,0.07334806467161606,0.014058544525710787,0.004429496474284153,0.0019667387018827845
100W_S09_CCW_R4_W0183,100W,0,0.03818117288689944,0.0696173259660806,0.051590477003223376,0.016487688753583255,0.058556878803171716,0.03935307660942243,0.006069130169882773,0.0023711119434782994,0.0008850686159579272
200W_S04_CCW_R4_W0523,200W,0,0.03894722815143282,0.08833530000366237,0.14312204195713873,0.05408741867661869,0.06833392932666368,0.06900628175128214,0.012878636429290944,0.004110849723953388,0.0018484186052900213
200W_S17_CCW_R4_W0354,200W,0,0.021390896749719203,0.06727842863974463,0.10188980254458735,0.031882706765569334,0.06373070409831096,0.06471381165233686,0.010838384617516485,0.0038917970355568285,0.001637691260074662
100W_S09_CCW_R4_W0176,100W,0,0.017725346293553164,0.07702700195849298,0.062129836672933675,0.01819811792315033,0.05165519336100161,0.04131087932885092,0.006202396556574454,0.002471447412656108,0.0009054416102533489
200W_S19_CCW_R4_W0397,200W,0,0.03918316909278183,0.09615038703078964,0.13454123917761718,0.04391785940490086,0.0624055898936472,0.06963451633002779,0.014023407153136673,0.005136964188128827,0.0018623368244060838
200W_S10_CW_R4_W0340,200W,0,0.022783036806621405,0.11517153060221764,0.15256709051891743,0.046595397495443905,0.07600053248137567,0.08460473820474995,0.010714994101973968,0.004366624843303757,0.0017278501009458111
100W_S09_CW_R4_W0193,100W,0,0.018414257756119958,0.056399727444380716,0.041987219375743706,0.024113051643338584,0.044029566993182175,0.03486575704849932,0.006018099096984108,0.0022128222329145485,0.0006679698486446661
100W_S02_CW_R4_W0053,100W,0,0.08787153417054498,0.0765064193726671,0.07139870634568485,0.03623436893999703,0.06523340605715264,0.05285406450749119,0.019628928984227318,0.004330360263085584,0.0015757703037522785
100W_S17_CW_R4_W0234,100W,0,0.0717351556980515,0.08937195388505158,0.06800957465330731,0.05006425004536148,0.07465773827534213,0.056022937889856954,0.009077565539276062,0.0029800761954039364,0.0009859492264975025
200W_S10_CW_R4_W0350,200W,0,0.04892277176830317,0.08533840172396945,0.1092915088439679,0.03681331408250507,0.06072574365423128,0.061539396126270796,0.013883859806140875,0.004538813351068577,0.0017199742264879959
200W_S10_CCW_R4_W0327,200W,0,0.030906510879311302,0.12460490466509651,0.08382235247883657,0.03459146727747281,0.08671896161500393,0.07014195446276653,0.008166535432534948,0.004539923487256782,0.001255050575737543
100W_S02_CW_R4_W0047,100W,0,0.0719353341276178,0.07206329959120494,0.06577801570079218,0.026910952311859318,0.0591009109260707,0.049381306906450276,0.018295540880758236,0.004099456960952033,0.001511885422395717
200W_S20_CW_R4_W0490,200W,0,0.03597078622167056,0.07763324474624334,0.14133979224226093,0.03881748822095154,0.05694551886148035,0.06046065027296021,0.013537298922159532,0.0042850477723864406,0.001676522624433153
200W_S04_CW_R4_W0534,200W,0,0.04593037249937156,0.12973385754603386,0.20004562941332044,0.057972221084160835,0.11874615898790711,0.11329901045480202,0.012866900979607299,0.005226876353306206,0.001975496141887582
200W_S20_CW_R4_W0489,200W,0,0.045226720953288224,0.08934655647615952,0.09009101468488584,0.032337108045575526,0.06750724268721493,0.06016961966281477,0.012700437663762647,0.004583156900059718,0.0016632989790555167
100W_S07_CCW_R4_W0142,100W,0,0.049694482193908304,0.06146137698732732,0.07503394642299906,0.03555918994808906,0.0586912754471445,0.051618107252902695,0.010017529495390374,0.0028797643012105443,0.0011798874621193967
200W_S19_CCW_R4_W0403,200W,0,0.030536323721951707,0.11645374045392619,0.10644170882219245,0.036562263715283476,0.09240998486926481,0.07544249135732466,0.008811418471456323,0.004571433581002596,0.0013611865645852279
100W_S17_CW_R4_W0227,100W,0,0.056573181546536185,0.08499341371928011,0.07065446585283468,0.0378479221615434,0.08198179968037322,0.0567070683514621,0.008338478600561585,0.003478914741969523,0.0010076277222775135
100W_S02_CCW_R4_W0039,100W,0,0.06294346216039537,0.06727751510018733,0.1051077562091282,0.03106136442807914,0.06021215070268924,0.06066411455265296,0.01699444898896651,0.004240143857087181,0.001685246303167206
200W_S01_CCW_R4_W0315,200W,0,0.23428626880621342,0.4585110554103868,2.3922225602431078,0.2760102918981497,0.24941072729902045,0.5563627601198733,0.163781933996871,0.05082007647059869,0.020134660011990737
200W_S20_CW_R4_W0492,200W,0,0.039180746271634086,0.11947708849240393,0.11834251955901194,0.049529240943433465,0.07955134504265153,0.08222593484879501,0.014140235976995012,0.005289395248637628,0.0019079769970416765
100W_S17_CW_R4_W0233,100W,0,0.05763142943174988,0.09100666544184566,0.07509801004350926,0.03806793943235211,0.07882533718473057,0.05664160959375335,0.008967788483606482,0.0029409078050509417,0.0011585061593993018
100W_S07_CW_R4_W0146,100W,0,0.057446700041482245,0.08444771678523043,0.07196689510115893,0.03712638734186005,0.08056725137709388,0.05671888071426068,0.008076999317221875,0.003302096711180331,0.0010151656567828962
100W_S08_CW_R4_W0171,100W,0,0.03179049161715984,0.06138859064218284,0.06630993951457921,0.022871866338952163,0.04490942428534018,0.046191300959633,0.009427238013495112,0.0030390187797675857,0.001351745962640278
100W_S09_CW_R4_W0186,100W,0,0.018332206528693475,0.06182026672822206,0.055665638891251125,0.01953832529859544,0.04724307675558363,0.04056320325500022,0.007645058303736675,0.0025102977568580765,0.0008311419792103605
200W_S09_CCW_R4_W0632,200W,0,0.03231335643019687,0.1344858128750389,0.10856502308414799,0.038632527708957504,0.09758095567576061,0.09507158079311144,0.014114867759117963,0.006245110251053024,0.0019367141918399718
100W_S03_CCW_R4_W0060,100W,0,0.07629532190783918,0.07546668532471873,0.07424445816038747,0.04867489757557899,0.06829613135385548,0.0508870203278266,0.018237965171155723,0.0037874503606893134,0.0015403362035839295
100W_S07_CW_R4_W0150,100W,0,0.050316476198914564,0.06265491975461303,0.050914354226452234,0.030709203448812974,0.06213604954181138,0.05058798173326806,0.008927163175386275,0.0029570217087162647,0.0009982751524195562
200W_S10_CW_R4_W0344,200W,0,0.040709634455076776,0.11353123935971338,0.148519134629227,0.04981335251479929,0.07841737486034578,0.08520208170304455,0.014231998444560542,0.005095256822572841,0.002021994298547506
200W_S17_CCW_R4_W0358,200W,0,0.023515218361943827,0.06806471201543796,0.10114520629250238,0.033718981691463853,0.0685960861795504,0.0695672302275168,0.00806748399157712,0.0037856653840345447,0.0015067618772037679
200W_S08_CW_R4_W0625,200W,0,0.05968213864086448,0.09347120824448016,0.37465834392739533,0.06633753255535223,0.07327915437729807,0.1165430583051209,0.020578144957024824,0.005391885006555418,0.002477985088379052
200W_S01_CCW_R4_W0299,200W,0,0.20380097238286127,0.5221100411942386,2.2497360848685277,0.29349536290813577,0.2686654597952481,0.46298612706046394,0.1836103170797324,0.06795260125521912,0.027365413178802308
100W_S07_CCW_R4_W0136,100W,0,0.04970491011277804,0.07921918662184653,0.08008050318435479,0.036147971250868834,0.0754641739643181,0.053030796161713356,0.00855859875468763,0.002947741185512924,0.0010543629098385668
200W_S07_CCW_R4_W0589,200W,0,0.026599959550521305,0.0701242247884819,0.09928150543587223,0.029774878507859263,0.06634674055282717,0.06944667706068272,0.008198516440985466,0.003721319222782521,0.0015067109914694069
100W_S20_CCW_R4_W0276,100W,0,0.025335772429062427,0.10134352448655007,0.053414170118508096,0.03644870653607151,0.0614079199434989,0.04292979065687177,0.007792432418792022,0.002966956459016997,0.0011446812945310112
200W_S07_CCW_R4_W0585,200W,0,0.02232056063761509,0.06914468730268851,0.11066176940821316,0.028393529821286314,0.06722301527522337,0.06924783005814877,0.011731311234935022,0.003732962259417579,0.0014401698484477518
200W_S09_CCW_R4_W0638,200W,0,0.038993828042422796,0.09254714724590837,0.11710581409497524,0.04186142159104785,0.0645963615093511,0.0746787138557921,0.01585790610812452,0.0046800656332735575,0.002236164601054731
200W_S01_CCW_R4_W0306,200W,0,0.26882460407861664,0.5137372466021849,2.2954802169912663,0.3618306298711547,0.2667124068196922,0.5450659907232133,0.23932800600302817,0.07806727804038821,0.03191368201478238
100W_S18_CW_R4_W0251,100W,0,0.03299586676712508,0.08084113351711844,0.11221471341431863,0.029848936749133595,0.06658829756461247,0.07012766174777015,0.01106960374586892,0.004059536743882168,0.0014128293676154604
100W_S03_CCW_R4_W0055,100W,0,0.06476370434827773,0.07137961279176402,0.10059305505641464,0.04267849100013643,0.05376661890640113,0.051048011315968915,0.014284563285516359,0.003679627219815585,0.0017025491207817438
200W_S07_CW_R4_W0594,200W,0,0.028540582663668355,0.06854791562218451,0.12228524588705118,0.038546502792901484,0.04720939927525799,0.05715977800928162,0.010802305211064225,0.0036677350068055068,0.0016247028139705743
200W_S09_CCW_R4_W0633,200W,0,0.04259743901233941,0.11257889098492095,0.09509662775845144,0.04962339430665035,0.07303206731878038,0.08041669484645976,0.014679465524836075,0.005371910199060165,0.0019041877529386627
100W_S09_CCW_R4_W0178,100W,0,0.016970566280263555,0.0577640937840305,0.04599046519362989,0.017045947569085063,0.04418136662887288,0.03643940413732252,0.007279285897237478,0.0023311708460773267,0.0008177040250096831
200W_S07_CCW_R4_W0583,200W,0,0.02550127959821093,0.05695298820265604,0.07955894869590636,0.03253377809394429,0.04688132716341681,0.050637802258236546,0.009419544215566702,0.002906581538282086,0.001062373314727493
200W_S07_CW_R4_W0598,200W,0,0.038551720542916654,0.06838436226311008,0.1286973255724193,0.03662345959112079,0.04719388557475388,0.06236148971501938,0.00924311179303032,0.00419900914346169,0.0015788526734582455
200W_S17_CCW_R4_W0359,200W,0,0.02379792766278187,0.06688002901729277,0.07684320891861844,0.03170884083787472,0.06994042233647547,0.06440737535830618,0.00782716491234669,0.0034024544810251057,0.0011666115235776384
200W_S04_CCW_R4_W0514,200W,0,0.06364100480574925,0.09665612795515913,0.1132317402939833,0.06687177446935513,0.08638376382527213,0.07701411157864618,0.012244635735592053,0.004439791902236652,0.0018396748702173542
200W_S01_CCW_R4_W0301,200W,0,0.4729613703961896,0.3384253390140071,1.0494498941391495,0.19718779607370124,0.1619135223803668,0.48214745633079614,0.11425654580294385,0.03369415123772536,0.012580902771206265
100W_S18_CW_R4_W0248,100W,0,0.04735351047091645,0.0853445154736522,0.09398721224087069,0.02942542764956197,0.06662663927572482,0.06670208696783328,0.009099386215997176,0.0031295087352807074,0.0010545312457689421
200W_S01_CW_R4_W0325,200W,0,0.476485022597471,0.5588568780009529,1.7684733735919234,0.15972338863260108,0.2280421215995656,0.3547179015276203,0.08608800022487008,0.031888274128576144,0.012951996630781249
200W_S20_CW_R4_W0495,200W,0,0.026954986101001756,0.10663822879632362,0.1717174927274838,0.047267771397800175,0.0716967248557078,0.0877314744134687,0.01594455858814333,0.00467728840354213,0.0020025759705189555
100W_S08_CW_R4_W0170,100W,0,0.038750640372125125,0.07263909172752328,0.09089765918731196,0.024913346723599586,0.06864101268739428,0.0627746901627061,0.009267058432760421,0.003067703744898851,0.0010683117842851654
100W_S07_CW_R4_W0144,100W,0,0.035124663585124706,0.056769910784254286,0.05435222351495639,0.02916765927223031,0.04706807849638429,0.04430018795396679,0.008368684116613186,0.002563411134506284,0.0010936242980462796
100W_S20_CCW_R4_W0277,100W,0,0.037148628992396265,0.07425642477566792,0.05353805582073039,0.022372386828760134,0.0534720536872224,0.04140770420608356,0.0076854642754148935,0.002633932145496149,0.0009382869873289152
200W_S04_CCW_R4_W0520,200W,0,0.05109907413154658,0.11323513750330032,0.17681429666152704,0.07182347389729789,0.09252508756371561,0.08635487700993658,0.017080771578930627,0.006549344366020217,0.0023185134702404003
100W_S09_CW_R4_W0187,100W,0,0.021159531689773765,0.03778295128130599,0.04308161502752359,0.0196202892699496,0.035962482194609444,0.033160330761794754,0.007297561451556033,0.002313750604612824,0.0008356184683343327
200W_S01_CCW_R4_W0298,200W,0,0.19066880339453177,0.36002765582127794,0.7008272731754516,0.15803954170048182,0.21153179159681004,0.31633216379047324,0.0384641135785042,0.014541806006488541,0.00623962624998322
200W_S04_CCW_R4_W0522,200W,0,0.061379867588180065,0.11518219312876989,0.10178129483666977,0.10375684319987823,0.08838449351784586,0.0772888707422773,0.012471952009455466,0.003772013781497817,0.0015134563598233305
100W_S19_CW_R4_W0266,100W,0,0.017150475760811117,0.06336727110292555,0.04350560162776796,0.024866257907181857,0.04903582171232872,0.03675660364287176,0.00702166467016879,0.0024019175217760325,0.0008939541919517615
200W_S04_CCW_R4_W0519,200W,0,0.03157490812295228,0.08970224637061126,0.15022603666078327,0.054750115808654784,0.06620910049227728,0.06953880836980576,0.016141729785943394,0.0058361444439362095,0.0022847404205615786
200W_S20_CW_R4_W0488,200W,0,0.04076050946502159,0.11452211488650038,0.11748177675726039,0.04225934336357309,0.07791126938808308,0.07898737417078035,0.013688185524414332,0.004826076251926802,0.0017371510390016302
200W_S04_CCW_R4_W0517,200W,0,0.06225359547698828,0.13241656257033022,0.1522409645855974,0.08065058582912837,0.10634560318613027,0.08816007897295046,0.015268846316752736,0.005220898900936479,0.0019414795649481081
100W_S09_CW_R4_W0189,100W,0,0.016510796605630762,0.06094712224299184,0.04927838708985244,0.021385771460243317,0.045080922192029894,0.03854884263658929,0.006749662089231228,0.0025924865791730504,0.0009304078793858536
200W_S09_CCW_R4_W0629,200W,0,0.02885492077290318,0.11168654148041793,0.09319696700324266,0.03994955613241726,0.07547558745638545,0.07616513461207348,0.01294236873677386,0.00488276170730033,0.0018194327566427825
100W_S03_CW_R4_W0073,100W,0,0.0502030563000112,0.09148407019525027,0.10184070603612358,0.059730001997940166,0.08211792469924943,0.06322920934286747,0.012782348878853664,0.004649868568938921,0.0017689274132407214
200W_S10_CCW_R4_W0329,200W,0,0.028670510705188675,0.07870254304968473,0.10284085070791053,0.043265993956018094,0.04699897574465906,0.057978877439756944,0.012243451228336774,0.0035468826047979733,0.0014819528421348201
200W_S19_CCW_R4_W0405,200W,0,0.028219852298115137,0.0949482481545339,0.13789269366323129,0.042649884077265623,0.06677450536585533,0.0759342636646108,0.011765590280432392,0.004567491606520551,0.0018441677602170595
100W_S03_CCW_R4_W0061,100W,0,0.047855806329986976,0.06873247073424878,0.0819456908280221,0.042035062810893184,0.05702558014006164,0.048365954599213286,0.01805554502215138,0.004091045288058186,0.001753857277963051
200W_S08_CW_R4_W0623,200W,0,0.047311990327118164,0.09476408938960608,0.21878646507307717,0.06261231360166156,0.07795044660037918,0.10950760447342639,0.012272738559156915,0.004255674737105634,0.0017345032966767436
200W_S18_CW_R4_W0393,200W,0,0.0486557984050988,0.0953811196463311,0.27508284167663244,0.04693217753414237,0.06953092828097361,0.09558606579888591,0.014142602745664194,0.004137290343717626,0.0017756411025968432
100W_S18_CW_R4_W0245,100W,0,0.05590783689863861,0.07585337904894748,0.0776768150807192,0.03394236858306025,0.06100336807069408,0.06053831427290159,0.008860384583060611,0.002821218723426986,0.0010139866580551283
200W_S01_CCW_R4_W0295,200W,0,0.18114667591791173,0.5021080752062491,2.26645056701719,0.34640310016821774,0.260426034139524,0.52354811457663,0.24905918989867762,0.07442752557985215,0.02928710124181726
200W_S08_CW_R4_W0618,200W,0,0.048053425257668675,0.10783409643387262,0.24649841385878626,0.07444046662419523,0.07338569934265475,0.1151414216624918,0.016443727723155766,0.005728243381933864,0.002579336054970241
200W_S01_CCW_R4_W0304,200W,0,0.1965019182804614,0.4586681839187207,2.3895089678251167,0.2766547079397496,0.2437554530554858,0.5578282539516514,0.1637861705643634,0.05082015172892589,0.020134642464755083
200W_S04_CW_R4_W0527,200W,0,0.06660329072408745,0.12251026605457388,0.15473264918876847,0.04783964528501806,0.11187963335040998,0.10531970862651786,0.015206195979764301,0.005654263641558704,0.0020076700221828042
100W_S03_CW_R4_W0072,100W,0,0.06730428899992279,0.08046008834751353,0.10403295313833541,0.05381627594883761,0.07313503117370142,0.06261535985253872,0.013355955618333375,0.003442417058507209,0.0013630958413931647
100W_S17_CW_R4_W0229,100W,0,0.03518020738014777,0.08217549212641195,0.07505596520625754,0.030683700113784372,0.06505680708461642,0.04921605051202694,0.00864071314087042,0.002867491176204358,0.0010650528689950824
100W_S07_CW_R4_W0147,100W,0,0.03643144664837954,0.05711228151434294,0.05268143254870974,0.029550079876700934,0.050864340996079366,0.04469875796539408,0.007640470867789044,0.0029588263951971705,0.001042838611283451
200W_S19_CCW_R4_W0398,200W,0,0.03377923936635567,0.08706835697180476,0.14331505041006223,0.037913264697001015,0.070572889558626,0.08027944480600818,0.01372755637418619,0.0050457808644642395,0.0018023951443025992
100W_S09_CCW_R4_W0182,100W,0,0.01850688485011493,0.056011202810876445,0.04776288635223957,0.014403236409294983,0.03563829311844567,0.03581717761713198,0.006391756601495946,0.0022861885077992607,0.0009017179415241987
100W_S03_CCW_R4_W0057,100W,0,0.07295293381123137,0.07365776613608657,0.06614832656565137,0.047072112957503964,0.06790717366770185,0.05231222687616221,0.015789033916626193,0.00333715679376855,0.001340753589823074
200W_S18_CW_R4_W0394,200W,0,0.04299330934812793,0.09420233756581295,0.3303664716379659,0.058936513546357656,0.06776188059861399,0.10505960001715411,0.019467086023051562,0.007073028992297034,0.003108674302460132
100W_S08_CW_R4_W0168,100W,0,0.036690597673715374,0.06842839563947084,0.09110700322400747,0.023673680034710605,0.044633821055125804,0.050183382579801906,0.008672663742039023,0.0035257073463555847,0.001372636023339185
200W_S01_CW_R4_W0319,200W,0,0.3144566703776295,0.5664494419822457,0.5362476793396425,0.10752605477331613,0.1992264843468903,0.326920511876018,0.027610195851033366,0.010086120081197811,0.004131433321363342
200W_S01_CCW_R4_W0302,200W,0,0.2766062987303212,0.3643814192091725,0.6952431612240667,0.129937244227926,0.19865985834492517,0.31295469421597655,0.05535706842886998,0.016819540776998657,0.006677328775751455
200W_S01_CW_R4_W0323,200W,0,0.3118665578545855,0.5811793510594542,0.8547270157827276,0.14829379492237602,0.2174172051958969,0.313957697020272,0.027424118617358474,0.009137975003909267,0.003922432338316217
200W_S19_CCW_R4_W0408,200W,0,0.06259618283451782,0.11884148402331365,0.07988561160300213,0.037059271300199134,0.09255231909578696,0.07005017199095856,0.013245472428276521,0.0050758227000363325,0.0016267852313133146
100W_S07_CW_R4_W0145,100W,0,0.06881799612504114,0.0855565756278968,0.08060565209924948,0.03652036505658434,0.07761737759849822,0.05616593487828118,0.008292378516821098,0.003145091182606686,0.0011885429819447823
200W_S17_CCW_R4_W0357,200W,0,0.021789485440008544,0.05791004471758882,0.10084028888652667,0.039421910549205214,0.04423818970452086,0.05990025765053623,0.008844411089773263,0.0032056975814880435,0.0014175645623383303
200W_S07_CW_R4_W0596,200W,0,0.026697093263050763,0.08173852469578699,0.1091365848545722,0.03696889091499477,0.08082784527018992,0.07792680430733788,0.00988992669883934,0.00362873669725732,0.0014316519917043323
200W_S07_CCW_R4_W0588,200W,0,0.026299688372263718,0.061782773648970335,0.10524251510894483,0.03282127490858935,0.04791221587602844,0.06273849308227429,0.008829535665470966,0.0033524329976724857,0.001576935473241936
200W_S10_CCW_R4_W0331,200W,0,0.039007131894206695,0.1156231753004368,0.09900030060427006,0.033821417955771614,0.09495189899392718,0.0730377058957514,0.011252644673974598,0.00510242458955217,0.0015912049535271712
200W_S20_CW_R4_W0496,200W,0,0.03365708388729611,0.11460059627440526,0.11800452584527418,0.04312596132828813,0.07949442884423578,0.07871768629092031,0.014800408786237246,0.005151189281146629,0.0019532040250962654
