acc_Sum_rms,class_label,window_id
0.15470767282673592,Normal,100W_S00_CCW_R4_W0001
0.4095156575354661,Abnormal,200W_S04_CW_R4_W0526
0.27375094803346617,Abnormal,200W_S20_CW_R4_W0487
0.20668507431581457,Abnormal,100W_S18_CW_R4_W0253
0.3074978814220714,Abnormal,200W_S20_CW_R4_W0495
0.22236386602526767,Abnormal,100W_S02_CW_R4_W0046
0.24314521670790507,Abnormal,200W_S20_CW_R4_W0490
0.4813493087106467,Abnormal,200W_S18_CW_R4_W0394
0.1824673413344462,Normal,100W_S06_CW_R4_W0133
0.2229088822763186,Abnormal,200W_S07_CW_R4_W0598
0.4106983526495407,Normal,200W_S03_CW_R4_W0506
0.20441456122153867,Abnormal,100W_S18_CCW_R4_W0243
0.14624272574190847,Abnormal,100W_S09_CW_R4_W0188
1.1015503425599005,Abnormal,200W_S01_CCW_R4_W0294
0.24766911627786928,Normal,100W_S01_CW_R4_W0024
0.18494606881376913,Normal,100W_S06_CW_R4_W0127
0.33411354004867905,Normal,200W_S03_CW_R4_W0505
0.40145510844706705,Abnormal,200W_S04_CW_R4_W0535
0.1901927225016006,Normal,100W_S06_CW_R4_W0131
0.2404993836612822,Abnormal,100W_S07_CCW_R4_W0137
0.23365376222392173,Abnormal,100W_S03_CCW_R4_W0054
0.3508543680970733,Abnormal,200W_S09_CCW_R4_W0628
0.14510581732828706,Normal,100W_S00_CW_R4_W0010
0.1327957116665668,Abnormal,100W_S09_CW_R4_W0191
0.24691332238270752,Normal,200W_S02_CW_R4_W0421
0.2851588788039418,Abnormal,200W_S09_CCW_R4_W0633
0.2744066306434868,Abnormal,200W_S04_CCW_R4_W0519
2.1106364817665697,Abnormal,200W_S01_CW_R4_W0317
1.4774493041089394,Abnormal,200W_S01_CCW_R4_W0297
0.37061607783156814,Normal,200W_S02_CW_R4_W0462
0.1746818841026987,Abnormal,100W_S18_CW_R4_W0246
0.37061607783156814,Normal,200W_S02_CW_R4_W0446
0.1515891001316631,Abnormal,100W_S19_CW_R4_W0265
1.202740259637115,Abnormal,200W_S01_CCW_R4_W0302
0.388298223400573,Abnormal,200W_S18_CW_R4_W0396
0.2410522314853976,Normal,200W_S02_CW_R4_W0444
0.29671083966273815,Abnormal,200W_S20_CW_R4_W0488
0.2069403587703276,Abnormal,100W_S02_CW_R4_W0047
0.25550181231305735,Abnormal,200W_S09_CCW_R4_W0630
0.21362011807756306,Normal,100W_S01_CW_R4_W0027
0.24463576325265643,Abnormal,200W_S10_CCW_R4_W0328
0.2582182913190832,Abnormal,100W_S03_CCW_R4_W0059
0.15470767282673592,Normal,100W_S00_CCW_R4_W0001
0.17692691828584653,Abnormal,100W_S08_CW_R4_W0164
0.3796168706157367,Normal,200W_S02_CW_R4_W0450
1.249579862756097,Abnormal,200W_S01_CW_R4_W0319
0.3921644297198409,Abnormal,200W_S08_CW_R4_W0618
0.21826915923288845,Normal,200W_S02_CW_R4_W0470
0.4106983526495407,Normal,200W_S03_CW_R4_W0506
0.3005354634635564,Normal,100W_S01_CCW_R4_W0021
0.20201859756208898,Abnormal,200W_S20_CW_R4_W0486
0.5182883215696577,Abnormal,200W_S08_CW_R4_W0625
0.3099070253541297,Abnormal,200W_S10_CCW_R4_W0335
0.28400583048444195,Abnormal,200W_S09_CCW_R4_W0637
0.22045109600973936,Abnormal,200W_S06_CW_R4_W0577
0.3958477860715069,Abnormal,200W_S18_CW_R4_W0392
0.17184804090235403,Normal,100W_S05_CW_R4_W0110
0.16565108639622156,Normal,100W_S05_CW_R4_W0107
0.20127132221482377,Abnormal,200W_S07_CW_R4_W0601
0.3110647563033901,Normal,200W_S03_CW_R4_W0508
0.4095828531237325,Abnormal,200W_S08_CW_R4_W0622
0.1607892464269861,Abnormal,100W_S20_CCW_R4_W0281
0.26409982198605114,Normal,200W_S02_CW_R4_W0430
0.14510581732828706,Normal,100W_S00_CW_R4_W0010
0.21010822963133066,Abnormal,200W_S07_CCW_R4_W0592
0.21503975402661538,Abnormal,100W_S20_CCW_R4_W0276
1.5480385645738315,Abnormal,200W_S01_CW_R4_W0318
0.06313945412064444,Normal,200W_S02_CW_R4_W0473
0.18829557930038346,Normal,100W_S06_CW_R4_W0126
0.27009582742994037,Abnormal,100W_S07_CW_R4_W0152
2.61395059918632,Abnormal,200W_S01_CCW_R4_W0306
0.16565108639622156,Normal,100W_S05_CW_R4_W0107
0.20073383588580565,Abnormal,100W_S07_CCW_R4_W0142
0.16190168504484312,Normal,100W_S05_CCW_R4_W0098
0.37061607783156814,Normal,200W_S02_CW_R4_W0462
0.22072313227208148,Abnormal,100W_S02_CW_R4_W0049
0.17166606350500915,Abnormal,100W_S17_CW_R4_W0225
0.2570446250816065,Abnormal,200W_S09_CCW_R4_W0634
0.26985970154124567,Abnormal,200W_S10_CCW_R4_W0330
0.3517449938125398,Normal,200W_S02_CW_R4_W0451
0.29925931200985173,Abnormal,200W_S04_CW_R4_W0533
0.35609013388269206,Normal,200W_S03_CCW_R4_W0499
0.29174924081441683,Normal,200W_S02_CW_R4_W0465
0.44477150392471415,Abnormal,200W_S18_CW_R4_W0391
0.16986782442068613,Normal,100W_S00_CCW_R4_W0002
2.7112837264728737,Abnormal,200W_S01_CCW_R4_W0307
1.8349546072396978,Abnormal,200W_S01_CW_R4_W0316
0.16986782442068613,Normal,100W_S00_CCW_R4_W0002
0.24599344501496415,Abnormal,200W_S20_CW_R4_W0489
0.25791577512424935,Abnormal,100W_S07_CW_R4_W0145
2.6675430896235,Abnormal,200W_S01_CCW_R4_W0315
0.2447446850507638,Abnormal,100W_S08_CW_R4_W0166
0.13068735295808856,Abnormal,100W_S09_CCW_R4_W0182
0.35217108473436476,Abnormal,200W_S04_CCW_R4_W0520
0.23254003959197786,Normal,100W_S01_CW_R4_W0033
0.21981826933408144,Abnormal,100W_S18_CCW_R4_W0240
0.2749263686762398,Normal,100W_S01_CCW_R4_W0018
0.2508323671497481,Abnormal,100W_S08_CW_R4_W0172
0.3488482237101045,Abnormal,200W_S09_CCW_R4_W0632
0.3517449938125398,Normal,200W_S02_CW_R4_W0451
0.18534183317299568,Abnormal,100W_S18_CCW_R4_W0236
0.3774932692378871,Abnormal,200W_S04_CCW_R4_W0513
0.3517449938125398,Normal,200W_S02_CW_R4_W0467
0.27508175368839266,Abnormal,100W_S17_CW_R4_W0230
0.23850005070904412,Abnormal,100W_S07_CCW_R4_W0143
0.28626198596847646,Abnormal,100W_S03_CW_R4_W0066
1.2440998829497893,Abnormal,200W_S01_CCW_R4_W0309
0.15470767282673592,Normal,100W_S00_CCW_R4_W0001
2.7069501486798524,Abnormal,200W_S01_CCW_R4_W0311
0.24691332238270752,Normal,200W_S02_CW_R4_W0421
0.3110647563033901,Normal,200W_S03_CW_R4_W0508
1.113470431634339,Abnormal,200W_S01_CCW_R4_W0305
0.2374030105021844,Normal,100W_S01_CW_R4_W0032
1.3988450576751446,Abnormal,200W_S01_CCW_R4_W0312
0.2800183991110489,Abnormal,200W_S09_CCW_R4_W0629
0.2410522314853976,Normal,200W_S02_CW_R4_W0460
0.21907426913873784,Abnormal,100W_S02_CW_R4_W0050
0.1418059675092251,Abnormal,100W_S09_CCW_R4_W0178
0.31067325360051445,Abnormal,200W_S04_CCW_R4_W0514
0.3517449938125398,Normal,200W_S02_CW_R4_W0467
0.33593962370738845,Normal,200W_S02_CW_R4_W0463
0.1824673413344462,Normal,100W_S06_CW_R4_W0133
0.2967901956055555,Abnormal,200W_S20_CW_R4_W0492
0.1856081326673785,Normal,100W_S05_CCW_R4_W0099
0.18425113248637057,Normal,100W_S05_CCW_R4_W0096
0.06320029587063117,Normal,200W_S02_CW_R4_W0437
0.23946789014135564,Normal,100W_S01_CW_R4_W0029
0.2944639333867097,Abnormal,200W_S10_CCW_R4_W0327
0.3131979628085,Abnormal,200W_S07_CW_R4_W0599
0.22036583504513702,Abnormal,100W_S20_CCW_R4_W0279
0.29174924081441683,Normal,200W_S02_CW_R4_W0465
0.3086594044025247,Abnormal,200W_S10_CCW_R4_W0331
0.22945083210841577,Abnormal,100W_S03_CCW_R4_W0055
0.33593962370738845,Normal,200W_S02_CW_R4_W0447
0.21846899823765242,Abnormal,100W_S07_CCW_R4_W0138
0.1512029195847311,Abnormal,100W_S09_CW_R4_W0193
0.19494829328946298,Abnormal,200W_S17_CCW_R4_W0356
0.24495955020073282,Normal,200W_S02_CW_R4_W0431
0.18569775495622795,Normal,100W_S05_CCW_R4_W0103
0.2749263686762398,Normal,100W_S01_CCW_R4_W0018
0.3312237349149438,Normal,200W_S02_CW_R4_W0459
0.23436135128732735,Abnormal,200W_S07_CCW_R4_W0590
0.4170940405684947,Abnormal,200W_S04_CW_R4_W0530
0.2749263686762398,Normal,100W_S01_CCW_R4_W0018
0.21201199197175266,Abnormal,200W_S07_CCW_R4_W0584
0.24766911627786928,Normal,100W_S01_CW_R4_W0024
0.24495955020073282,Normal,200W_S02_CW_R4_W0431
0.6140748077840475,Abnormal,200W_S08_CW_R4_W0617
0.2612248214954531,Abnormal,200W_S19_CCW_R4_W0397
0.1824673413344462,Normal,100W_S06_CW_R4_W0133
0.30701543414694515,Abnormal,200W_S07_CW_R4_W0595
0.2692955455346456,Abnormal,100W_S03_CCW_R4_W0056
0.1670833171137318,Normal,100W_S05_CCW_R4_W0101
0.24766911627786928,Normal,100W_S01_CW_R4_W0024
0.18463018538233314,Abnormal,200W_S07_CCW_R4_W0583
0.1559984441850252,Normal,100W_S05_CW_R4_W0111
0.24741444649431577,Normal,200W_S02_CW_R4_W0448
0.23813382646363554,Normal,100W_S01_CW_R4_W0031
0.21499764249673445,Abnormal,200W_S07_CW_R4_W0594
0.33411354004867905,Normal,200W_S03_CW_R4_W0505
0.21122828584812997,Abnormal,100W_S18_CCW_R4_W0241
0.22111361067524893,Abnormal,200W_S06_CW_R4_W0573
0.2853283916638438,Normal,100W_S01_CCW_R4_W0014
0.19119196954021786,Abnormal,200W_S17_CCW_R4_W0352
0.25284853459023593,Abnormal,200W_S17_CCW_R4_W0362
2.7077062827688776,Abnormal,200W_S01_CCW_R4_W0300
0.2668589792651511,Abnormal,200W_S10_CCW_R4_W0336
0.2868289558521862,Abnormal,100W_S03_CW_R4_W0073
0.28022891259094673,Abnormal,200W_S06_CW_R4_W0575
0.22290654418525743,Normal,100W_S00_CW_R4_W0009
0.29895675960642315,Abnormal,200W_S10_CW_R4_W0348
0.29703261986957996,Normal,100W_S01_CCW_R4_W0017
0.2623562959850687,Abnormal,100W_S03_CW_R4_W0067
0.21532376958591012,Abnormal,100W_S02_CCW_R4_W0042
0.2968122893283825,Abnormal,200W_S06_CW_R4_W0582
0.27619043901420726,Abnormal,100W_S03_CW_R4_W0069
0.1660790135350666,Abnormal,100W_S08_CW_R4_W0171
0.2749263686762398,Normal,100W_S01_CCW_R4_W0018
0.2574908106725967,Abnormal,100W_S08_CW_R4_W0173
0.33916256409773843,Normal,200W_S03_CCW_R4_W0497
0.1597126489247923,Abnormal,100W_S09_CW_R4_W0189
0.16075683837576427,Normal,100W_S00_CCW_R4_W0004
0.29431049303610873,Abnormal,200W_S20_CW_R4_W0491
0.3096702592704445,Abnormal,200W_S04_CCW_R4_W0518
0.16190168504484312,Normal,100W_S05_CCW_R4_W0098
0.37273653176400445,Abnormal,200W_S08_CW_R4_W0623
0.2224626305984934,Abnormal,100W_S02_CCW_R4_W0039
0.26449834812628736,Abnormal,200W_S04_CW_R4_W0532
0.1720616476157779,Abnormal,100W_S07_CW_R4_W0144
0.3312237349149438,Normal,200W_S02_CW_R4_W0443
0.21357017169238554,Abnormal,100W_S20_CCW_R4_W0283
0.3108445477188722,Abnormal,200W_S04_CCW_R4_W0522
0.1281057938397444,Abnormal,100W_S09_CCW_R4_W0175
0.252860452019356,Normal,200W_S02_CW_R4_W0468
0.2421297090660235,Abnormal,100W_S18_CW_R4_W0247
0.1646424175391001,Abnormal,100W_S20_CCW_R4_W0274
1.844172121410025,Abnormal,200W_S01_CW_R4_W0320
0.20668961861838323,Abnormal,200W_S10_CCW_R4_W0337
0.22108180351453321,Abnormal,100W_S18_CCW_R4_W0237
0.15677455322540998,Abnormal,100W_S09_CCW_R4_W0181
0.23823718619935402,Abnormal,200W_S10_CW_R4_W0350
0.37108207894422324,Abnormal,200W_S18_CW_R4_W0388
0.39978572164647097,Abnormal,200W_S04_CW_R4_W0531
0.3517449938125398,Normal,200W_S02_CW_R4_W0467
0.2808429681415372,Abnormal,100W_S03_CW_R4_W0070
0.1665775501571665,Normal,100W_S00_CCW_R4_W0000
0.24134353277895612,Abnormal,200W_S10_CW_R4_W0347
0.24575814716932337,Abnormal,100W_S08_CW_R4_W0169
0.2361923263555951,Abnormal,100W_S18_CW_R4_W0250
0.18947350744942573,Abnormal,200W_S07_CW_R4_W0597
0.2255555336528538,Normal,100W_S00_CW_R4_W0008
0.06320029587063117,Normal,200W_S02_CW_R4_W0437
0.1981246809946867,Abnormal,100W_S17_CW_R4_W0228
0.24297742504180495,Abnormal,200W_S07_CCW_R4_W0593
0.349043368548337,Normal,200W_S02_CW_R4_W0420
0.3518202837315088,Abnormal,200W_S09_CCW_R4_W0636
0.21164879472596365,Abnormal,200W_S10_CCW_R4_W0329
0.2255555336528538,Normal,100W_S00_CW_R4_W0008
0.18425113248637057,Normal,100W_S05_CCW_R4_W0096
0.21033422195610232,Abnormal,100W_S02_CW_R4_W0051
0.284567282036477,Abnormal,200W_S19_CCW_R4_W0398
0.21009252994940092,Abnormal,100W_S03_CCW_R4_W0058
0.21159154896067106,Abnormal,200W_S06_CW_R4_W0572
0.3638540416700617,Normal,200W_S02_CW_R4_W0442
0.5537410233676645,Abnormal,200W_S18_CW_R4_W0386
0.062413281829958284,Normal,200W_S02_CW_R4_W0433
0.22290654418525743,Normal,100W_S00_CW_R4_W0009
0.18476058539156812,Normal,100W_S05_CW_R4_W0112
2.5892134333745678,Abnormal,200W_S01_CCW_R4_W0299
0.24681068374609436,Abnormal,100W_S02_CCW_R4_W0041
0.29124718345875267,Abnormal,200W_S07_CW_R4_W0596
0.12274443532179238,Abnormal,100W_S19_CW_R4_W0271
0.300945205579933,Abnormal,200W_S20_CW_R4_W0496
0.2685105461260483,Abnormal,100W_S03_CW_R4_W0072
0.15712222082964228,Abnormal,100W_S19_CW_R4_W0272
0.20356001795536083,Abnormal,200W_S06_CW_R4_W0580
0.38967997583997926,Abnormal,200W_S08_CW_R4_W0626
0.22480454041521092,Abnormal,100W_S03_CW_R4_W0068
0.1713856942797483,Normal,100W_S00_CCW_R4_W0003
0.2349755525158339,Abnormal,100W_S02_CCW_R4_W0037
0.1651275959975232,Abnormal,100W_S09_CW_R4_W0192
0.22290654418525743,Normal,100W_S00_CW_R4_W0009
0.252860452019356,Normal,200W_S02_CW_R4_W0452
0.14851111976351425,Normal,100W_S00_CW_R4_W0007
0.3036131347704976,Abnormal,200W_S19_CCW_R4_W0404
0.4106983526495407,Normal,200W_S03_CW_R4_W0506
0.18789662626969042,Abnormal,100W_S18_CW_R4_W0252
0.21362011807756306,Normal,100W_S01_CW_R4_W0027
0.22466335259804596,Abnormal,200W_S17_CCW_R4_W0351
0.18494606881376913,Normal,100W_S06_CW_R4_W0127
0.2674378558072635,Normal,200W_S02_CW_R4_W0422
0.17064568366806437,Abnormal,100W_S09_CCW_R4_W0183
0.19880528105084533,Abnormal,200W_S17_CCW_R4_W0360
0.3071956891219395,Abnormal,200W_S10_CW_R4_W0341
0.2166237080331388,Abnormal,200W_S07_CW_R4_W0602
0.252860452019356,Normal,200W_S02_CW_R4_W0452
0.20907587222811144,Abnormal,200W_S10_CCW_R4_W0333
0.18829557930038346,Normal,100W_S06_CW_R4_W0126
0.24321671575264653,Abnormal,100W_S03_CCW_R4_W0057
0.22924128519949102,Abnormal,100W_S07_CCW_R4_W0136
0.13759792244868385,Abnormal,100W_S09_CW_R4_W0190
0.3014693100108576,Abnormal,200W_S19_CCW_R4_W0406
0.21380163412411288,Abnormal,200W_S17_CCW_R4_W0357
0.39575412878134325,Abnormal,200W_S04_CW_R4_W0527
0.1966296349902681,Abnormal,100W_S20_CCW_R4_W0275
0.30930729425663667,Abnormal,200W_S19_CCW_R4_W0400
0.1741052497819683,Abnormal,100W_S18_CW_R4_W0249
0.24741444649431577,Normal,200W_S02_CW_R4_W0448
0.30341046082568995,Abnormal,200W_S10_CW_R4_W0344
0.19768307174053135,Abnormal,100W_S08_CW_R4_W0167
0.28206746710112307,Abnormal,200W_S04_CCW_R4_W0515
0.24741661608239782,Abnormal,100W_S07_CW_R4_W0153
0.252860452019356,Normal,200W_S02_CW_R4_W0468
0.3842523928390219,Abnormal,200W_S04_CCW_R4_W0517
0.332760957765773,Abnormal,200W_S19_CCW_R4_W0399
1.2112079216521134,Abnormal,200W_S01_CCW_R4_W0313
0.241992546772115,Abnormal,200W_S17_CCW_R4_W0359
0.16141090600723437,Abnormal,100W_S19_CW_R4_W0266
0.42556275424571777,Abnormal,200W_S18_CW_R4_W0387
0.1634516024506337,Abnormal,100W_S19_CW_R4_W0269
0.29474554620981647,Abnormal,200W_S10_CW_R4_W0349
2.1207968835758892,Abnormal,200W_S01_CW_R4_W0324
0.37061607783156814,Normal,200W_S02_CW_R4_W0446
0.22961408638262074,Abnormal,100W_S02_CW_R4_W0053
0.21626278972618512,Abnormal,100W_S20_CCW_R4_W0282
0.289917936035067,Abnormal,200W_S06_CW_R4_W0574
0.2774158284158439,Abnormal,200W_S06_CW_R4_W0579
0.5823093458666263,Abnormal,200W_S08_CW_R4_W0620
0.24481035343577423,Abnormal,200W_S10_CW_R4_W0342
0.16933758082976913,Abnormal,100W_S09_CCW_R4_W0177
2.7157488077555727,Abnormal,200W_S01_CCW_R4_W0296
0.2410160518020795,Abnormal,100W_S02_CCW_R4_W0038
0.26409982198605114,Normal,200W_S02_CW_R4_W0430
0.21921932418649281,Abnormal,100W_S03_CW_R4_W0071
0.2644008044236473,Abnormal,100W_S17_CW_R4_W0233
0.1682643048990455,Abnormal,100W_S09_CCW_R4_W0176
0.24691332238270752,Normal,200W_S02_CW_R4_W0421
0.2908867297054179,Abnormal,200W_S19_CCW_R4_W0402
0.1798069240426738,Abnormal,100W_S08_CW_R4_W0168
0.3593817004091295,Abnormal,200W_S04_CCW_R4_W0516
0.4464654386690015,Abnormal,200W_S18_CW_R4_W0389
0.1824673413344462,Normal,100W_S06_CW_R4_W0133
0.14450518623825637,Abnormal,100W_S19_CW_R4_W0270
0.24183987906513307,Abnormal,200W_S20_CW_R4_W0493
0.21826915923288845,Normal,200W_S02_CW_R4_W0454
0.20882348852799085,Abnormal,200W_S17_CCW_R4_W0353
0.4231746092272054,Abnormal,200W_S04_CW_R4_W0534
0.1619711662793986,Normal,100W_S05_CW_R4_W0108
0.23952618943847706,Abnormal,200W_S10_CW_R4_W0346
0.21986614229864232,Abnormal,200W_S07_CCW_R4_W0588
0.24741444649431577,Normal,200W_S02_CW_R4_W0448
0.14037408106272853,Abnormal,100W_S19_CW_R4_W0268
0.16538496123591612,Abnormal,100W_S09_CW_R4_W0186
0.24953879334869564,Abnormal,100W_S03_CCW_R4_W0060
0.13735963754263633,Normal,200W_S02_CW_R4_W0432
0.06320313854035307,Normal,200W_S02_CW_R4_W0434
0.32540386322728976,Normal,200W_S03_CW_R4_W0509
0.36626501858545457,Normal,200W_S02_CW_R4_W0423
0.19964890872997343,Abnormal,100W_S02_CW_R4_W0044
0.33593962370738845,Normal,200W_S02_CW_R4_W0447
0.2685695726997771,Abnormal,200W_S04_CW_R4_W0528
1.5398329758260005,Abnormal,200W_S01_CW_R4_W0326
0.21486273943451714,Abnormal,100W_S08_CW_R4_W0165
0.1713856942797483,Normal,100W_S00_CCW_R4_W0003
0.3517449938125398,Normal,200W_S02_CW_R4_W0467
0.1232237318814191,Abnormal,100W_S09_CW_R4_W0184
0.22635431644508264,Abnormal,200W_S17_CCW_R4_W0355
0.2659892829672618,Abnormal,200W_S19_CCW_R4_W0401
0.22884143352496408,Abnormal,100W_S02_CW_R4_W0052
0.1786403748101016,Normal,100W_S05_CW_R4_W0105
0.44171527947221895,Abnormal,200W_S18_CW_R4_W0393
0.2521665718817155,Abnormal,100W_S07_CCW_R4_W0140
0.13387079267238416,Abnormal,100W_S19_CW_R4_W0267
0.21571924656399974,Abnormal,100W_S17_CW_R4_W0229
0.25164167834818013,Abnormal,200W_S20_CW_R4_W0494
0.3796168706157367,Normal,200W_S02_CW_R4_W0466
0.2367219760245199,Abnormal,100W_S17_CW_R4_W0231
0.29136147126485806,Abnormal,200W_S06_CW_R4_W0578
0.29174924081441683,Normal,200W_S02_CW_R4_W0449
0.23201645706285676,Abnormal,100W_S08_CW_R4_W0170
0.27439577126928355,Abnormal,200W_S04_CCW_R4_W0523
0.18240344163465466,Abnormal,100W_S07_CW_R4_W0147
0.2178973544998641,Abnormal,100W_S02_CW_R4_W0045
0.2674378558072635,Normal,200W_S02_CW_R4_W0422
0.1825036603297247,Abnormal,100W_S20_CCW_R4_W0277
0.27221797848357304,Abnormal,100W_S07_CW_R4_W0149
0.13735963754263633,Normal,200W_S02_CW_R4_W0432
0.24691332238270752,Normal,200W_S02_CW_R4_W0421
0.06254247687312758,Normal,200W_S02_CW_R4_W0435
0.19702430798954276,Abnormal,100W_S18_CCW_R4_W0242
1.5732435180220945,Abnormal,200W_S01_CW_R4_W0322
0.2390070915713656,Abnormal,100W_S07_CCW_R4_W0134
0.20735756300869823,Abnormal,200W_S06_CW_R4_W0576
0.15470767282673592,Normal,100W_S00_CCW_R4_W0001
0.43420161470292096,Abnormal,200W_S18_CW_R4_W0395
0.17330533558571595,Abnormal,100W_S09_CCW_R4_W0174
0.20352554082405364,Abnormal,100W_S18_CCW_R4_W0235
0.15164737072777104,Abnormal,100W_S19_CW_R4_W0273
0.22704150906950818,Abnormal,100W_S02_CCW_R4_W0036
0.3810783892062744,Abnormal,200W_S04_CCW_R4_W0521
0.33593962370738845,Normal,200W_S02_CW_R4_W0447
0.17337869805055672,Normal,100W_S05_CCW_R4_W0102
0.24741444649431577,Normal,200W_S02_CW_R4_W0448
0.3110647563033901,Normal,200W_S03_CW_R4_W0508
0.30594172154218,Abnormal,200W_S07_CW_R4_W0603
0.37061607783156814,Normal,200W_S02_CW_R4_W0462
2.0767308208340123,Abnormal,200W_S01_CW_R4_W0321
0.19316652620120855,Abnormal,200W_S07_CCW_R4_W0591
0.1713856942797483,Normal,100W_S00_CCW_R4_W0003
2.5845517180450774,Abnormal,200W_S01_CCW_R4_W0295
0.33593962370738845,Normal,200W_S02_CW_R4_W0447
0.16606220136623245,Normal,100W_S05_CW_R4_W0104
0.18989611515016713,Normal,100W_S06_CW_R4_W0132
0.1981644775336597,Abnormal,200W_S07_CCW_R4_W0587
0.30162797875531744,Abnormal,200W_S19_CCW_R4_W0408
0.21044590599031024,Abnormal,100W_S07_CW_R4_W0150
0.11815209395696571,Abnormal,100W_S19_CW_R4_W0264
0.2884746573513968,Abnormal,200W_S04_CW_R4_W0529
0.2897281744267049,Abnormal,200W_S04_CW_R4_W0525
0.2630319254996272,Abnormal,200W_S10_CCW_R4_W0332
0.16577200310244586,Abnormal,100W_S09_CCW_R4_W0180
0.2447478257058331,Abnormal,100W_S07_CCW_R4_W0141
0.26619626133387414,Abnormal,100W_S07_CW_R4_W0146
0.2045211401851189,Abnormal,100W_S20_CCW_R4_W0280
0.25203149297634997,Abnormal,200W_S07_CCW_R4_W0585
0.24750167652999683,Abnormal,100W_S17_CW_R4_W0226
0.3665847835762714,Abnormal,200W_S08_CW_R4_W0627
0.23182103685481725,Abnormal,200W_S07_CCW_R4_W0586
1.2357651751093979,Abnormal,200W_S01_CCW_R4_W0298
0.2982941951270332,Abnormal,200W_S10_CW_R4_W0345
0.21718682043148133,Abnormal,100W_S18_CCW_R4_W0244
0.20378621652927623,Abnormal,100W_S07_CCW_R4_W0135
0.22526730016163424,Abnormal,100W_S02_CCW_R4_W0035
0.1824673413344462,Normal,100W_S06_CW_R4_W0133
0.19349632359013974,Abnormal,100W_S07_CW_R4_W0151
0.22368608900708223,Abnormal,100W_S03_CW_R4_W0064
2.6728264930390444,Abnormal,200W_S01_CCW_R4_W0304
0.25684775192898446,Abnormal,100W_S17_CW_R4_W0234
0.3312237349149438,Normal,200W_S02_CW_R4_W0459
0.3762616673799832,Normal,200W_S03_CCW_R4_W0498
0.33071561011707185,Abnormal,200W_S19_CCW_R4_W0407
0.19897036762029155,Normal,100W_S06_CW_R4_W0125
0.27061096177787025,Abnormal,200W_S06_CW_R4_W0571
0.6067692366938842,Abnormal,200W_S08_CW_R4_W0621
0.24691332238270752,Normal,200W_S02_CW_R4_W0421
0.32540386322728976,Normal,200W_S03_CW_R4_W0509
0.21343034979525322,Abnormal,100W_S07_CCW_R4_W0139
0.24827569956955728,Normal,100W_S01_CW_R4_W0025
0.2052359315339963,Abnormal,100W_S18_CCW_R4_W0238
0.20847868823280793,Abnormal,200W_S17_CCW_R4_W0361
0.4222843034958011,Normal,200W_S03_CW_R4_W0510
0.26230936595902143,Abnormal,200W_S10_CCW_R4_W0334
0.29727813248368384,Abnormal,200W_S07_CW_R4_W0600
0.18699880884370693,Normal,100W_S06_CW_R4_W0128
0.30855130726516833,Abnormal,200W_S10_CW_R4_W0340
0.18868811163256544,Abnormal,100W_S18_CCW_R4_W0239
0.1578462146741251,Abnormal,100W_S09_CW_R4_W0185
0.06320313854035307,Normal,200W_S02_CW_R4_W0434
2.6158717621931564,Abnormal,200W_S01_CCW_R4_W0310
0.33593962370738845,Normal,200W_S02_CW_R4_W0463
0.2697846272003429,Abnormal,200W_S19_CCW_R4_W0405
0.24251752741733235,Abnormal,100W_S18_CW_R4_W0248
0.24325903167816562,Abnormal,100W_S02_CCW_R4_W0040
1.5366175161492261,Abnormal,200W_S01_CW_R4_W0323
0.3248004961810576,Abnormal,200W_S09_CCW_R4_W0631
0.35571052353887694,Normal,200W_S02_CW_R4_W0424
1.4474276045963361,Abnormal,200W_S01_CCW_R4_W0301
0.36889261833454756,Abnormal,200W_S08_CW_R4_W0619
2.6057190418957323,Abnormal,200W_S01_CCW_R4_W0314
0.13147842657383985,Abnormal,100W_S09_CW_R4_W0187
0.36626501858545457,Normal,200W_S02_CW_R4_W0423
0.2529849744944119,Abnormal,200W_S17_CCW_R4_W0358
0.2021397137727479,Normal,100W_S06_CW_R4_W0124
0.2192347880186977,Abnormal,100W_S02_CW_R4_W0048
0.2555423751790716,Abnormal,100W_S03_CCW_R4_W0063
0.3351792631800637,Abnormal,200W_S09_CCW_R4_W0635
0.21400687919768682,Abnormal,100W_S03_CCW_R4_W0061
0.2433653252115259,Abnormal,100W_S02_CCW_R4_W0043
0.2021397137727479,Normal,100W_S06_CW_R4_W0124
0.17184804090235403,Normal,100W_S05_CW_R4_W0110
0.23983629073576543,Abnormal,200W_S10_CW_R4_W0339
0.147479419477584,Abnormal,100W_S09_CCW_R4_W0179
0.26989692109788227,Abnormal,100W_S17_CW_R4_W0227
0.18829557930038346,Normal,100W_S06_CW_R4_W0126
1.4246887290008539,Abnormal,200W_S01_CCW_R4_W0308
0.2188612944578985,Abnormal,100W_S02_CCW_R4_W0034
0.24923743438952342,Abnormal,100W_S18_CW_R4_W0251
0.25149077658491115,Abnormal,200W_S07_CCW_R4_W0589
0.23994360957195013,Abnormal,100W_S03_CW_R4_W0065
0.3286956291538765,Abnormal,200W_S19_CCW_R4_W0403
0.1723436852816611,Abnormal,100W_S20_CCW_R4_W0278
0.3474782572584607,Abnormal,200W_S04_CCW_R4_W0524
0.2646351253752228,Abnormal,200W_S10_CCW_R4_W0338
0.17936910716686255,Abnormal,100W_S17_CW_R4_W0232
2.5784622632015175,Abnormal,200W_S01_CCW_R4_W0303
0.16190168504484312,Normal,100W_S05_CCW_R4_W0098
0.16606220136623245,Normal,100W_S05_CW_R4_W0104
0.3975509714211453,Normal,200W_S03_CW_R4_W0507
0.24046004407549984,Abnormal,200W_S17_CCW_R4_W0354
0.3005354634635564,Normal,100W_S01_CCW_R4_W0021
0.49225869046920256,Abnormal,200W_S18_CW_R4_W0390
0.1827325769142707,Normal,100W_S05_CW_R4_W0113
0.29440105681976003,Abnormal,200W_S07_CW_R4_W0604
2.1167360224291727,Abnormal,200W_S01_CW_R4_W0325
0.233362806055949,Abnormal,100W_S07_CW_R4_W0148
0.49940810047887013,Abnormal,200W_S08_CW_R4_W0624
0.21826915923288845,Normal,200W_S02_CW_R4_W0470
0.2627442792247039,Abnormal,200W_S09_CCW_R4_W0638
0.24827569956955728,Normal,100W_S01_CW_R4_W0025
0.24217184639709752,Abnormal,100W_S03_CCW_R4_W0062
0.29174924081441683,Normal,200W_S02_CW_R4_W0449
0.29703261986957996,Normal,100W_S01_CCW_R4_W0017
0.21861411632833083,Abnormal,100W_S18_CW_R4_W0245
0.24929511564575302,Abnormal,200W_S10_CW_R4_W0343
0.22479866574912255,Abnormal,200W_S06_CW_R4_W0581
0.18099346679581402,Normal,100W_S05_CCW_R4_W0097
