acc_Y_rms,acc_Y_kurtosis,label_binary,class_label,window_id
0.09554852566315573,1.7985723302431111,1,Normal,100W_S00_CCW_R4_W0001
0.23932498488184145,0.826001066154658,0,Abnormal,200W_S04_CW_R4_W0526
0.17509699935206327,0.6879202938139244,0,Abnormal,200W_S20_CW_R4_W0487
0.15266941646319365,1.4002026060471335,0,Abnormal,100W_S18_CW_R4_W0253
0.21688256934513825,0.14615731985984848,0,Abnormal,200W_S20_CW_R4_W0495
0.14227766590137847,0.8250780407444354,0,Abnormal,100W_S02_CW_R4_W0046
0.1793101717162243,0.6200058757510725,0,Abnormal,200W_S20_CW_R4_W0490
0.35220983630019914,1.2898010725247708,0,Abnormal,200W_S18_CW_R4_W0394
0.11174496902470389,0.8084821511281723,1,Normal,100W_S06_CW_R4_W0133
0.15831093290900403,2.5671455060248984,0,Abnormal,200W_S07_CW_R4_W0598
0.1893140895008183,0.5889191304641099,1,Normal,200W_S03_CW_R4_W0506
0.15511321814790072,0.7914993400828334,0,Abnormal,100W_S18_CCW_R4_W0243
0.09896261381624145,0.9521129283027996,0,Abnormal,100W_S09_CW_R4_W0188
0.7213795980360517,1.6493101347693697,0,Abnormal,200W_S01_CCW_R4_W0294
0.18317323567376356,0.18918762796235233,1,Normal,100W_S01_CW_R4_W0024
0.10582635996878474,0.6303985069270959,1,Normal,100W_S06_CW_R4_W0127
0.16890833543947772,0.42485998805704694,1,Normal,200W_S03_CW_R4_W0505
0.22977728916858658,1.9355839778176538,0,Abnormal,200W_S04_CW_R4_W0535
0.1154315898988622,0.35518184842721334,1,Normal,100W_S06_CW_R4_W0131
0.10731892761281793,0.9776631477704427,0,Abnormal,100W_S07_CCW_R4_W0137
0.13757625956346486,0.18200042643279168,0,Abnormal,100W_S03_CCW_R4_W0054
0.1880491881051481,-0.10442864822991416,0,Abnormal,200W_S09_CCW_R4_W0628
0.08029530587686706,0.3009556189458693,1,Normal,100W_S00_CW_R4_W0010
0.08703927243054194,0.7289594910683981,0,Abnormal,100W_S09_CW_R4_W0191
0.133939389535762,1.8531542534948917,1,Normal,200W_S02_CW_R4_W0421
0.1599996155320003,0.08323523749251738,0,Abnormal,200W_S09_CCW_R4_W0633
0.18413602633748172,0.6643846908834159,0,Abnormal,200W_S04_CCW_R4_W0519
1.849665491779046,0.8895644254904287,0,Abnormal,200W_S01_CW_R4_W0317
1.31978528231163,2.158065173665686,0,Abnormal,200W_S01_CCW_R4_W0297
0.21983045812166116,0.9301768879024888,1,Normal,200W_S02_CW_R4_W0462
0.12468713592454225,0.6833406361779062,0,Abnormal,100W_S18_CW_R4_W0246
0.21983045812166116,0.9301768879024888,1,Normal,200W_S02_CW_R4_W0446
0.09577974096011976,0.9006099392987013,0,Abnormal,100W_S19_CW_R4_W0265
0.8681202468577075,1.5984785401764023,0,Abnormal,200W_S01_CCW_R4_W0302
0.2622937487737257,1.9824653105861225,0,Abnormal,200W_S18_CW_R4_W0396
0.1533413157194894,2.3642937284869756,1,Normal,200W_S02_CW_R4_W0444
0.175599967838802,0.7106431416205146,0,Abnormal,200W_S20_CW_R4_W0488
0.13378511485825806,0.6669177688962438,0,Abnormal,100W_S02_CW_R4_W0047
0.15872571473316394,0.24726082396269256,0,Abnormal,200W_S09_CCW_R4_W0630
0.14873380789984886,0.5496672013525825,1,Normal,100W_S01_CW_R4_W0027
0.1297205483095035,0.6044566297025451,0,Abnormal,200W_S10_CCW_R4_W0328
0.1596111328729563,-0.09473014899170629,0,Abnormal,100W_S03_CCW_R4_W0059
0.09554852566315573,1.7985723302431111,1,Normal,100W_S00_CCW_R4_W0001
0.10415579975921183,0.7168189087340284,0,Abnormal,100W_S08_CW_R4_W0164
0.234369625985735,0.895323838924976,1,Normal,200W_S02_CW_R4_W0450
0.9035134586932914,5.237688932955292,0,Abnormal,200W_S01_CW_R4_W0319
0.2812530329242053,1.0379727964210552,0,Abnormal,200W_S08_CW_R4_W0618
0.15216966739383175,3.349277492748107,1,Normal,200W_S02_CW_R4_W0470
0.1893140895008183,0.5889191304641099,1,Normal,200W_S03_CW_R4_W0506
0.18323630227788995,0.4933133736803459,1,Normal,100W_S01_CCW_R4_W0021
0.12964836199682675,0.3888000277222612,0,Abnormal,200W_S20_CW_R4_W0486
0.3933872731148747,1.8410432878022496,0,Abnormal,200W_S08_CW_R4_W0625
0.1859705231283428,0.5199268997653519,0,Abnormal,200W_S10_CCW_R4_W0335
0.16233806422408945,0.11269876716667104,0,Abnormal,200W_S09_CCW_R4_W0637
0.12841545634435972,0.36283212607008863,0,Abnormal,200W_S06_CW_R4_W0577
0.2670522968543193,1.7562833043522925,0,Abnormal,200W_S18_CW_R4_W0392
0.09912210321518941,0.9988736298786289,1,Normal,100W_S05_CW_R4_W0110
0.09853212360631326,0.9613772861669516,1,Normal,100W_S05_CW_R4_W0107
0.12273034164341307,1.233133366329227,0,Abnormal,200W_S07_CW_R4_W0601
0.13512607666540064,0.39797175784790095,1,Normal,200W_S03_CW_R4_W0508
0.3056654583380295,1.2287021314632947,0,Abnormal,200W_S08_CW_R4_W0622
0.09533866058224287,1.653421492977854,0,Abnormal,100W_S20_CCW_R4_W0281
0.19205122641445202,0.673280254575261,1,Normal,200W_S02_CW_R4_W0430
0.08029530587686706,0.3009556189458693,1,Normal,100W_S00_CW_R4_W0010
0.13545490318371348,0.47018650827601993,0,Abnormal,200W_S07_CCW_R4_W0592
0.12932065994551292,0.8443496292955484,0,Abnormal,100W_S20_CCW_R4_W0276
1.427309238746642,2.8111022167665976,0,Abnormal,200W_S01_CW_R4_W0318
0.034475331387963104,0.08903728164004932,1,Normal,200W_S02_CW_R4_W0473
0.11667942956558655,0.6931374950319951,1,Normal,100W_S06_CW_R4_W0126
0.13479075825152995,1.4077892266046463,0,Abnormal,100W_S07_CW_R4_W0152
2.4291306970372046,2.332183596386738,0,Abnormal,200W_S01_CCW_R4_W0306
0.09853212360631326,0.9613772861669516,1,Normal,100W_S05_CW_R4_W0107
0.1255769416414945,1.4806091726268198,0,Abnormal,100W_S07_CCW_R4_W0142
0.10722321512834113,0.8480675913659828,1,Normal,100W_S05_CCW_R4_W0098
0.21983045812166116,0.9301768879024888,1,Normal,200W_S02_CW_R4_W0462
0.14536219767028782,0.8896313188715266,0,Abnormal,100W_S02_CW_R4_W0049
0.09413166002390685,0.49831706847107515,0,Abnormal,100W_S17_CW_R4_W0225
0.16183485884657647,0.35866455660519003,0,Abnormal,200W_S09_CCW_R4_W0634
0.17424714974396724,0.3300237606537193,0,Abnormal,200W_S10_CCW_R4_W0330
0.1895584365481404,2.7825849703664307,1,Normal,200W_S02_CW_R4_W0451
0.20386973716859438,1.121438234355094,0,Abnormal,200W_S04_CW_R4_W0533
0.13575247216735603,0.577710162001555,1,Normal,200W_S03_CCW_R4_W0499
0.21378091060563661,0.870744403030308,1,Normal,200W_S02_CW_R4_W0465
0.3324375614066107,0.29688515574370955,0,Abnormal,200W_S18_CW_R4_W0391
0.10862809310473315,0.7629012743245029,1,Normal,100W_S00_CCW_R4_W0002
2.5872430975967835,1.5480208097890529,0,Abnormal,200W_S01_CCW_R4_W0307
1.4236205771565749,2.584605629377209,0,Abnormal,200W_S01_CW_R4_W0316
0.10862809310473315,0.7629012743245029,1,Normal,100W_S00_CCW_R4_W0002
0.15114093219831165,0.6078094826886713,0,Abnormal,200W_S20_CW_R4_W0489
0.1391689753334452,1.1705482805618272,0,Abnormal,100W_S07_CW_R4_W0145
2.5349728696417984,1.561716536324525,0,Abnormal,200W_S01_CCW_R4_W0315
0.142102151742696,2.0011161046010564,0,Abnormal,100W_S08_CW_R4_W0166
0.08966718627229672,1.0585690662174763,0,Abnormal,100W_S09_CCW_R4_W0182
0.2243668355323632,0.5067342065493534,0,Abnormal,200W_S04_CCW_R4_W0520
0.15750140141121244,1.7146394848060895,1,Normal,100W_S01_CW_R4_W0033
0.16822899605572497,0.45718123192169635,0,Abnormal,100W_S18_CCW_R4_W0240
0.17432543190267935,0.5231623380266042,1,Normal,100W_S01_CCW_R4_W0018
0.16218691528056664,1.3927896438394871,0,Abnormal,100W_S08_CW_R4_W0172
0.19519729409544426,0.05970442842374757,0,Abnormal,200W_S09_CCW_R4_W0632
0.1895584365481404,2.7825849703664307,1,Normal,200W_S02_CW_R4_W0451
0.12627175140120303,1.783685663572295,0,Abnormal,100W_S18_CCW_R4_W0236
0.20798253634143585,1.2629273428716958,0,Abnormal,200W_S04_CCW_R4_W0513
0.1895584365481404,2.7825849703664307,1,Normal,200W_S02_CW_R4_W0467
0.13821769166784376,1.3962378462892202,0,Abnormal,100W_S17_CW_R4_W0230
0.1210606996502046,1.8856224364122882,0,Abnormal,100W_S07_CCW_R4_W0143
0.14895682396038218,0.5706171047369821,0,Abnormal,100W_S03_CW_R4_W0066
0.8990173620144929,1.3490298008733594,0,Abnormal,200W_S01_CCW_R4_W0309
0.09554852566315573,1.7985723302431111,1,Normal,100W_S00_CCW_R4_W0001
2.557997309961732,1.6622840345212708,0,Abnormal,200W_S01_CCW_R4_W0311
0.133939389535762,1.8531542534948917,1,Normal,200W_S02_CW_R4_W0421
0.13512607666540064,0.39797175784790095,1,Normal,200W_S03_CW_R4_W0508
0.7230447396339668,1.6007429707729397,0,Abnormal,200W_S01_CCW_R4_W0305
0.14761365379331995,0.5521664165901465,1,Normal,100W_S01_CW_R4_W0032
1.232683129154731,1.6839042990492619,0,Abnormal,200W_S01_CCW_R4_W0312
0.15468893652601773,0.1120584600926886,0,Abnormal,200W_S09_CCW_R4_W0629
0.1533413157194894,2.3642937284869756,1,Normal,200W_S02_CW_R4_W0460
0.14454273985683364,0.7938640819910567,0,Abnormal,100W_S02_CW_R4_W0050
0.08965667068887534,1.7609928143366602,0,Abnormal,100W_S09_CCW_R4_W0178
0.1662759314299951,1.6415305299685503,0,Abnormal,200W_S04_CCW_R4_W0514
0.1895584365481404,2.7825849703664307,1,Normal,200W_S02_CW_R4_W0467
0.1675835596186081,2.8533991022393765,1,Normal,200W_S02_CW_R4_W0463
0.11174496902470389,0.8084821511281723,1,Normal,100W_S06_CW_R4_W0133
0.18427030059573202,1.1637719127821917,0,Abnormal,200W_S20_CW_R4_W0492
0.1256587046135441,0.28015208451544105,1,Normal,100W_S05_CCW_R4_W0099
0.11061968079623843,0.15068460250521287,1,Normal,100W_S05_CCW_R4_W0096
0.03449868932617618,-0.028619382120570247,1,Normal,200W_S02_CW_R4_W0437
0.1406838379808897,0.42102235437007574,1,Normal,100W_S01_CW_R4_W0029
0.16359172206422734,0.2000443430190919,0,Abnormal,200W_S10_CCW_R4_W0327
0.18886433690344123,1.1962303920841935,0,Abnormal,200W_S07_CW_R4_W0599
0.14000816344465436,0.7484330625549127,0,Abnormal,100W_S20_CCW_R4_W0279
0.21378091060563661,0.870744403030308,1,Normal,200W_S02_CW_R4_W0465
0.17960583141740832,0.18172140418862615,0,Abnormal,200W_S10_CCW_R4_W0331
0.14506944103572678,0.07379999632007195,0,Abnormal,100W_S03_CCW_R4_W0055
0.1675835596186081,2.8533991022393765,1,Normal,200W_S02_CW_R4_W0447
0.12263362975960516,1.4902027990681272,0,Abnormal,100W_S07_CCW_R4_W0138
0.08302510371207082,2.0950202103396807,0,Abnormal,100W_S09_CW_R4_W0193
0.1131073875757178,1.7378157452895913,0,Abnormal,200W_S17_CCW_R4_W0356
0.17736711533181154,2.0495872722899833,1,Normal,200W_S02_CW_R4_W0431
0.10920911602227965,0.6757322730045563,1,Normal,100W_S05_CCW_R4_W0103
0.17432543190267935,0.5231623380266042,1,Normal,100W_S01_CCW_R4_W0018
0.15904743501804505,2.7691382793637853,1,Normal,200W_S02_CW_R4_W0459
0.14021288676949914,0.07660018305078786,0,Abnormal,200W_S07_CCW_R4_W0590
0.24816787973129414,1.4287988857254081,0,Abnormal,200W_S04_CW_R4_W0530
0.17432543190267935,0.5231623380266042,1,Normal,100W_S01_CCW_R4_W0018
0.14087808197068896,0.6158420417380013,0,Abnormal,200W_S07_CCW_R4_W0584
0.18317323567376356,0.18918762796235233,1,Normal,100W_S01_CW_R4_W0024
0.17736711533181154,2.0495872722899833,1,Normal,200W_S02_CW_R4_W0431
0.43302151396568817,3.8357144403988226,0,Abnormal,200W_S08_CW_R4_W0617
0.17574241965172366,0.12501107500118103,0,Abnormal,200W_S19_CCW_R4_W0397
0.11174496902470389,0.8084821511281723,1,Normal,100W_S06_CW_R4_W0133
0.17724571740216497,1.154182788265417,0,Abnormal,200W_S07_CW_R4_W0595
0.15955007349084507,-0.14395348319855028,0,Abnormal,100W_S03_CCW_R4_W0056
0.10837477376089986,0.765500426411843,1,Normal,100W_S05_CCW_R4_W0101
0.18317323567376356,0.18918762796235233,1,Normal,100W_S01_CW_R4_W0024
0.1103505671192107,1.7878591081508244,0,Abnormal,200W_S07_CCW_R4_W0583
0.09750803017301446,0.4881960214980623,1,Normal,100W_S05_CW_R4_W0111
0.15939058031234377,2.1922223131223735,1,Normal,200W_S02_CW_R4_W0448
0.16785240360024503,0.41560566322120085,1,Normal,100W_S01_CW_R4_W0031
0.15030843189975346,1.3244223070308445,0,Abnormal,200W_S07_CW_R4_W0594
0.16890833543947772,0.42485998805704694,1,Normal,200W_S03_CW_R4_W0505
0.13725840968918634,1.4654766828187356,0,Abnormal,100W_S18_CCW_R4_W0241
0.13470403548963056,0.49867084317785615,0,Abnormal,200W_S06_CW_R4_W0573
0.1615925621648761,0.5805631172185057,1,Normal,100W_S01_CCW_R4_W0014
0.10551183300255056,1.2344118629249303,0,Abnormal,200W_S17_CCW_R4_W0352
0.16133023084186174,0.03450633656752844,0,Abnormal,200W_S17_CCW_R4_W0362
2.5547173127057756,1.685301390608167,0,Abnormal,200W_S01_CCW_R4_W0300
0.16151755675593968,0.5022978616422082,0,Abnormal,200W_S10_CCW_R4_W0336
0.15541307234870422,0.2720493346094277,0,Abnormal,100W_S03_CW_R4_W0073
0.16502405136950493,1.2204263816912153,0,Abnormal,200W_S06_CW_R4_W0575
0.11233745750176094,2.916695734173503,1,Normal,100W_S00_CW_R4_W0009
0.19464145027045224,0.5939839640415672,0,Abnormal,200W_S10_CW_R4_W0348
0.18585902019082856,0.23649128910605288,1,Normal,100W_S01_CCW_R4_W0017
0.15124443696060585,-0.07901424144945413,0,Abnormal,100W_S03_CW_R4_W0067
0.14193211374618486,0.33442643263300376,0,Abnormal,100W_S02_CCW_R4_W0042
0.1919665650619808,0.9328040747985189,0,Abnormal,200W_S06_CW_R4_W0582
0.14252385532136874,0.44525000315159424,0,Abnormal,100W_S03_CW_R4_W0069
0.10780076130542468,0.7924422006303056,0,Abnormal,100W_S08_CW_R4_W0171
0.17432543190267935,0.5231623380266042,1,Normal,100W_S01_CCW_R4_W0018
0.1534610430764282,2.417100168963989,0,Abnormal,100W_S08_CW_R4_W0173
0.17836712316604011,0.4356976247337654,1,Normal,200W_S03_CCW_R4_W0497
0.09323763622835153,1.0644317447429072,0,Abnormal,100W_S09_CW_R4_W0189
0.09326500360370105,1.2261327851865964,1,Normal,100W_S00_CCW_R4_W0004
0.2042753792731925,0.5921445591754328,0,Abnormal,200W_S20_CW_R4_W0491
0.16356601402124007,1.809242890921234,0,Abnormal,200W_S04_CCW_R4_W0518
0.10722321512834113,0.8480675913659828,1,Normal,100W_S05_CCW_R4_W0098
0.25301047873638716,3.5241399318789064,0,Abnormal,200W_S08_CW_R4_W0623
0.15362926386975995,0.11368663213300767,0,Abnormal,100W_S02_CCW_R4_W0039
0.16520572337612663,0.9199949011981694,0,Abnormal,200W_S04_CW_R4_W0532
0.09397612955140323,0.24720582130011248,0,Abnormal,100W_S07_CW_R4_W0144
0.15904743501804505,2.7691382793637853,1,Normal,200W_S02_CW_R4_W0443
0.1326402625416761,0.747176864513289,0,Abnormal,100W_S20_CCW_R4_W0283
0.17113533632796676,6.493986636863751,0,Abnormal,200W_S04_CCW_R4_W0522
0.08220679253559579,1.76018960150141,0,Abnormal,100W_S09_CCW_R4_W0175
0.16461046688956063,1.9133485435515265,1,Normal,200W_S02_CW_R4_W0468
0.15269479249966417,0.9057509112692261,0,Abnormal,100W_S18_CW_R4_W0247
0.09210519703994198,1.5974661455215156,0,Abnormal,100W_S20_CCW_R4_W0274
1.4901053524285162,2.835304653846494,0,Abnormal,200W_S01_CW_R4_W0320
0.13771863427612244,0.08282389963123205,0,Abnormal,200W_S10_CCW_R4_W0337
0.16506575236949847,0.7481406643727775,0,Abnormal,100W_S18_CCW_R4_W0237
0.09117163890926498,1.5793321248321845,0,Abnormal,100W_S09_CCW_R4_W0181
0.15714553080193355,0.9443663335604637,0,Abnormal,200W_S10_CW_R4_W0350
0.24211983848551524,2.0656352370374496,0,Abnormal,200W_S18_CW_R4_W0388
0.22656321821453596,2.631125733804385,0,Abnormal,200W_S04_CW_R4_W0531
0.1895584365481404,2.7825849703664307,1,Normal,200W_S02_CW_R4_W0467
0.15711361854286923,0.21729175154164038,0,Abnormal,100W_S03_CW_R4_W0070
0.08618820233891894,0.5046197353406421,1,Normal,100W_S00_CCW_R4_W0000
0.16746629387045844,0.36715351006809005,0,Abnormal,200W_S10_CW_R4_W0347
0.15102506215735795,1.5217376784951018,0,Abnormal,100W_S08_CW_R4_W0169
0.16681067107078607,0.8678220139862809,0,Abnormal,100W_S18_CW_R4_W0250
0.1131836506245859,1.2675691670130718,0,Abnormal,200W_S07_CW_R4_W0597
0.12220045282499059,1.4359065640635578,1,Normal,100W_S00_CW_R4_W0008
0.03449868932617618,-0.028619382120570247,1,Normal,200W_S02_CW_R4_W0437
0.1033627623978424,0.5379067889985376,0,Abnormal,100W_S17_CW_R4_W0228
0.14650690466656657,0.46446865623728417,0,Abnormal,200W_S07_CCW_R4_W0593
0.17975542820238755,2.0713978478922783,1,Normal,200W_S02_CW_R4_W0420
0.20398152772768152,-0.05768208609506109,0,Abnormal,200W_S09_CCW_R4_W0636
0.1398309178592412,0.9278990234123272,0,Abnormal,200W_S10_CCW_R4_W0329
0.12220045282499059,1.4359065640635578,1,Normal,100W_S00_CW_R4_W0008
0.11061968079623843,0.15068460250521287,1,Normal,100W_S05_CCW_R4_W0096
0.1483124299623014,0.7014795364898334,0,Abnormal,100W_S02_CW_R4_W0051
0.18139349196951352,0.12051116567036813,0,Abnormal,200W_S19_CCW_R4_W0398
0.13062007100633388,0.27333259958794454,0,Abnormal,100W_S03_CCW_R4_W0058
0.11476584155561102,0.37507915647774004,0,Abnormal,200W_S06_CW_R4_W0572
0.20462750270352542,0.8355353866480897,1,Normal,200W_S02_CW_R4_W0442
0.3172566424152805,0.3565181560739914,0,Abnormal,200W_S18_CW_R4_W0386
0.03502641002035952,-0.19659189828251833,1,Normal,200W_S02_CW_R4_W0433
0.11233745750176094,2.916695734173503,1,Normal,100W_S00_CW_R4_W0009
0.11768548769142523,0.5449061982056911,1,Normal,100W_S05_CW_R4_W0112
2.3697688170123317,2.7769054989187802,0,Abnormal,200W_S01_CCW_R4_W0299
0.15967684694074472,0.22471006912314673,0,Abnormal,100W_S02_CCW_R4_W0041
0.1504188440832513,3.5438755765656786,0,Abnormal,200W_S07_CW_R4_W0596
0.07758271792996137,0.47495543754037683,0,Abnormal,100W_S19_CW_R4_W0271
0.18337358076275018,0.9706589961638414,0,Abnormal,200W_S20_CW_R4_W0496
0.15755307889593856,0.18989258386539776,0,Abnormal,100W_S03_CW_R4_W0072
0.09422217656183114,0.6015120623991277,0,Abnormal,100W_S19_CW_R4_W0272
0.1193518025750195,1.0204428708630147,0,Abnormal,200W_S06_CW_R4_W0580
0.28347200259183236,1.0710630330194109,0,Abnormal,200W_S08_CW_R4_W0626
0.145515247825459,0.016603687421334,0,Abnormal,100W_S03_CW_R4_W0068
0.0896334272455086,0.39324970852087304,1,Normal,100W_S00_CCW_R4_W0003
0.16110576334226404,0.4480522484335392,0,Abnormal,100W_S02_CCW_R4_W0037
0.09855143258395078,0.4903912370315755,0,Abnormal,100W_S09_CW_R4_W0192
0.11233745750176094,2.916695734173503,1,Normal,100W_S00_CW_R4_W0009
0.16461046688956063,1.9133485435515265,1,Normal,200W_S02_CW_R4_W0452
0.08524924751656553,0.3673195409751111,1,Normal,100W_S00_CW_R4_W0007
0.17369034974415562,0.20158642756837386,0,Abnormal,200W_S19_CCW_R4_W0404
0.1893140895008183,0.5889191304641099,1,Normal,200W_S03_CW_R4_W0506
0.11432587551345542,0.5410145440136143,0,Abnormal,100W_S18_CW_R4_W0252
0.14873380789984886,0.5496672013525825,1,Normal,100W_S01_CW_R4_W0027
0.12306929987454737,1.3283981435908583,0,Abnormal,200W_S17_CCW_R4_W0351
0.10582635996878474,0.6303985069270959,1,Normal,100W_S06_CW_R4_W0127
0.19066685926762245,0.9956239622211451,1,Normal,200W_S02_CW_R4_W0422
0.10554942645114984,1.2359392421788833,0,Abnormal,100W_S09_CCW_R4_W0183
0.11703823345697976,0.7211054139972637,0,Abnormal,200W_S17_CCW_R4_W0360
0.19101700818617656,1.313253304140673,0,Abnormal,200W_S10_CW_R4_W0341
0.15098117295475585,1.0948345173779215,0,Abnormal,200W_S07_CW_R4_W0602
0.16461046688956063,1.9133485435515265,1,Normal,200W_S02_CW_R4_W0452
0.1400153523150779,0.11660943489446396,0,Abnormal,200W_S10_CCW_R4_W0333
0.11667942956558655,0.6931374950319951,1,Normal,100W_S06_CW_R4_W0126
0.13615823096929966,0.4451268808993345,0,Abnormal,100W_S03_CCW_R4_W0057
0.13582091351524686,1.4934517949778927,0,Abnormal,100W_S07_CCW_R4_W0136
0.0726792143014642,1.0193651880779235,0,Abnormal,100W_S09_CW_R4_W0190
0.1963377843690646,0.01897775221417186,0,Abnormal,200W_S19_CCW_R4_W0406
0.13480646081909503,1.0243210013469906,0,Abnormal,200W_S17_CCW_R4_W0357
0.21226701494926584,1.1903170469648021,0,Abnormal,200W_S04_CW_R4_W0527
0.1262542767177489,0.8703533807767019,0,Abnormal,100W_S20_CCW_R4_W0275
0.18339440442720104,0.5063571679353434,0,Abnormal,200W_S19_CCW_R4_W0400
0.12077734799463802,0.49234296227134555,0,Abnormal,100W_S18_CW_R4_W0249
0.15939058031234377,2.1922223131223735,1,Normal,200W_S02_CW_R4_W0448
0.1969539415687673,0.9355859376785016,0,Abnormal,200W_S10_CW_R4_W0344
0.10592885905284297,0.6650948494323652,0,Abnormal,100W_S08_CW_R4_W0167
0.18784478828080972,0.8474236073967645,0,Abnormal,200W_S04_CCW_R4_W0515
0.12750699674600022,2.162699476281486,0,Abnormal,100W_S07_CW_R4_W0153
0.16461046688956063,1.9133485435515265,1,Normal,200W_S02_CW_R4_W0468
0.2189873211800831,2.5120475142914973,0,Abnormal,200W_S04_CCW_R4_W0517
0.19349384237546427,0.42154623473895203,0,Abnormal,200W_S19_CCW_R4_W0399
0.8581154141617511,1.6309054272977717,0,Abnormal,200W_S01_CCW_R4_W0313
0.14414034438076978,0.14999378497623628,0,Abnormal,200W_S17_CCW_R4_W0359
0.08961035162623443,1.445358282756331,0,Abnormal,100W_S19_CW_R4_W0266
0.31018645034652287,0.4075326486166815,0,Abnormal,200W_S18_CW_R4_W0387
0.09618978636243292,0.7277044180560868,0,Abnormal,100W_S19_CW_R4_W0269
0.18070230493794814,1.4082652823296673,0,Abnormal,200W_S10_CW_R4_W0349
1.721857953769032,1.7589582270115898,0,Abnormal,200W_S01_CW_R4_W0324
0.21983045812166116,0.9301768879024888,1,Normal,200W_S02_CW_R4_W0446
0.145123402372317,0.3973911046756675,0,Abnormal,100W_S02_CW_R4_W0053
0.14601571665760618,0.31926591993734155,0,Abnormal,100W_S20_CCW_R4_W0282
0.17789105208693784,0.6397505749592769,0,Abnormal,200W_S06_CW_R4_W0574
0.17162496927191895,1.283508955114442,0,Abnormal,200W_S06_CW_R4_W0579
0.4555180808864531,3.0249824739512077,0,Abnormal,200W_S08_CW_R4_W0620
0.15641531043123924,0.8442435531024257,0,Abnormal,200W_S10_CW_R4_W0342
0.10154829387626133,1.2798116099815653,0,Abnormal,100W_S09_CCW_R4_W0177
2.586877200341874,1.554203299215958,0,Abnormal,200W_S01_CCW_R4_W0296
0.1569543538055242,0.6848346489044697,0,Abnormal,100W_S02_CCW_R4_W0038
0.19205122641445202,0.673280254575261,1,Normal,200W_S02_CW_R4_W0430
0.14358673035707054,-0.006885396605021299,0,Abnormal,100W_S03_CW_R4_W0071
0.14115582696398307,1.399658880267987,0,Abnormal,100W_S17_CW_R4_W0233
0.11638540770349388,0.6947703364810187,0,Abnormal,100W_S09_CCW_R4_W0176
0.133939389535762,1.8531542534948917,1,Normal,200W_S02_CW_R4_W0421
0.19195070684432372,0.4336484627643773,0,Abnormal,200W_S19_CCW_R4_W0402
0.1294889488315794,1.4811479211213943,0,Abnormal,100W_S08_CW_R4_W0168
0.235173651228825,1.5458616814294937,0,Abnormal,200W_S04_CCW_R4_W0516
0.3019859346298299,3.555016069348439,0,Abnormal,200W_S18_CW_R4_W0389
0.11174496902470389,0.8084821511281723,1,Normal,100W_S06_CW_R4_W0133
0.0796232237171921,2.0403988261659434,0,Abnormal,100W_S19_CW_R4_W0270
0.14646321619700287,0.7506350120243686,0,Abnormal,200W_S20_CW_R4_W0493
0.15216966739383175,3.349277492748107,1,Normal,200W_S02_CW_R4_W0454
0.12734617325186354,0.48872609987368554,0,Abnormal,200W_S17_CCW_R4_W0353
0.25718432504966315,0.7043361229418124,0,Abnormal,200W_S04_CW_R4_W0534
0.10781838362450738,0.579188099309035,1,Normal,100W_S05_CW_R4_W0108
0.15783526754492794,0.8312732988333034,0,Abnormal,200W_S10_CW_R4_W0346
0.1449662919199951,0.5451372663921181,0,Abnormal,200W_S07_CCW_R4_W0588
0.15939058031234377,2.1922223131223735,1,Normal,200W_S02_CW_R4_W0448
0.09503259836821656,0.8281039346638561,0,Abnormal,100W_S19_CW_R4_W0268
0.0930647039908286,1.6296717818719522,0,Abnormal,100W_S09_CW_R4_W0186
0.14306540237184104,0.2886675109670973,0,Abnormal,100W_S03_CCW_R4_W0060
0.08973988583178429,16.238474233925313,1,Normal,200W_S02_CW_R4_W0432
0.03448068811270461,0.019072382007336852,1,Normal,200W_S02_CW_R4_W0434
0.1731223184472811,0.7506271181771207,1,Normal,200W_S03_CW_R4_W0509
0.23228486472353613,0.7096743887601189,1,Normal,200W_S02_CW_R4_W0423
0.12494198401475527,0.13479150477567892,0,Abnormal,100W_S02_CW_R4_W0044
0.1675835596186081,2.8533991022393765,1,Normal,200W_S02_CW_R4_W0447
0.16489962797057475,0.39281997881741937,0,Abnormal,200W_S04_CW_R4_W0528
1.3953500060186232,2.25989498179003,0,Abnormal,200W_S01_CW_R4_W0326
0.15086253483128723,1.3486417423444443,0,Abnormal,100W_S08_CW_R4_W0165
0.0896334272455086,0.39324970852087304,1,Normal,100W_S00_CCW_R4_W0003
0.1895584365481404,2.7825849703664307,1,Normal,200W_S02_CW_R4_W0467
0.06419179594466502,0.6421969829002623,0,Abnormal,100W_S09_CW_R4_W0184
0.12637481010872753,0.5070839906913913,0,Abnormal,200W_S17_CCW_R4_W0355
0.1753858846028912,0.5725689144475279,0,Abnormal,200W_S19_CCW_R4_W0401
0.15190128494660224,0.4976927983397341,0,Abnormal,100W_S02_CW_R4_W0052
0.11764577549143192,0.6317032825675217,1,Normal,100W_S05_CW_R4_W0105
0.3005028736204203,3.500084201393232,0,Abnormal,200W_S18_CW_R4_W0393
0.10690420629871755,0.8371013098250653,0,Abnormal,100W_S07_CCW_R4_W0140
0.07360680806472965,1.3546583295692347,0,Abnormal,100W_S19_CW_R4_W0267
0.12865218375231946,1.3345527579288712,0,Abnormal,100W_S17_CW_R4_W0229
0.18715172939444896,0.5420604785855616,0,Abnormal,200W_S20_CW_R4_W0494
0.234369625985735,0.895323838924976,1,Normal,200W_S02_CW_R4_W0466
0.1214662259882826,1.6413360942224369,0,Abnormal,100W_S17_CW_R4_W0231
0.180658610568432,0.6727827322362518,0,Abnormal,200W_S06_CW_R4_W0578
0.21378091060563661,0.870744403030308,1,Normal,200W_S02_CW_R4_W0449
0.13252959826653996,3.135410317739952,0,Abnormal,100W_S08_CW_R4_W0170
0.17790955485626614,0.8060818348448766,0,Abnormal,200W_S04_CCW_R4_W0523
0.09643972245015274,0.060618835381867076,0,Abnormal,100W_S07_CW_R4_W0147
0.14997997175210556,0.3727838615724517,0,Abnormal,100W_S02_CW_R4_W0045
0.19066685926762245,0.9956239622211451,1,Normal,200W_S02_CW_R4_W0422
0.10987231639331015,1.7502999744078371,0,Abnormal,100W_S20_CCW_R4_W0277
0.1333503824685952,1.3570125726552238,0,Abnormal,100W_S07_CW_R4_W0149
0.08973988583178429,16.238474233925313,1,Normal,200W_S02_CW_R4_W0432
0.133939389535762,1.8531542534948917,1,Normal,200W_S02_CW_R4_W0421
0.033928037858247155,0.08684556300081114,1,Normal,200W_S02_CW_R4_W0435
0.1313536204356047,1.4392207555465912,0,Abnormal,100W_S18_CCW_R4_W0242
1.4518963775783713,2.595345416159704,0,Abnormal,200W_S01_CW_R4_W0322
0.11066831930048905,1.0137467870989223,0,Abnormal,100W_S07_CCW_R4_W0134
0.11477628820760455,0.48028193931808794,0,Abnormal,200W_S06_CW_R4_W0576
0.09554852566315573,1.7985723302431111,1,Normal,100W_S00_CCW_R4_W0001
0.3208190106495504,0.5788525141110292,0,Abnormal,200W_S18_CW_R4_W0395
0.098213601573538,1.523159206438745,0,Abnormal,100W_S09_CCW_R4_W0174
0.11203148396600583,2.248536842858841,0,Abnormal,100W_S18_CCW_R4_W0235
0.08494272336271946,1.9328170306600754,0,Abnormal,100W_S19_CW_R4_W0273
0.15944367476169713,0.23367213254757546,0,Abnormal,100W_S02_CCW_R4_W0036
0.21447882353110254,3.0730268012550876,0,Abnormal,200W_S04_CCW_R4_W0521
0.1675835596186081,2.8533991022393765,1,Normal,200W_S02_CW_R4_W0447
0.11876567994609641,0.5731208148179694,1,Normal,100W_S05_CCW_R4_W0102
0.15939058031234377,2.1922223131223735,1,Normal,200W_S02_CW_R4_W0448
0.13512607666540064,0.39797175784790095,1,Normal,200W_S03_CW_R4_W0508
0.1760235570970108,0.6308418732157084,0,Abnormal,200W_S07_CW_R4_W0603
0.21983045812166116,0.9301768879024888,1,Normal,200W_S02_CW_R4_W0462
1.8713601149195467,0.9174722558377795,0,Abnormal,200W_S01_CW_R4_W0321
0.11741168167594959,0.7539243093364014,0,Abnormal,200W_S07_CCW_R4_W0591
0.0896334272455086,0.39324970852087304,1,Normal,100W_S00_CCW_R4_W0003
2.395127541332238,2.5347465148731914,0,Abnormal,200W_S01_CCW_R4_W0295
0.1675835596186081,2.8533991022393765,1,Normal,200W_S02_CW_R4_W0447
0.10063127031601607,1.6729646064999866,1,Normal,100W_S05_CW_R4_W0104
0.12466825718932187,0.23905934782759974,1,Normal,100W_S06_CW_R4_W0132
0.12264763790950933,1.1834525209377267,0,Abnormal,200W_S07_CCW_R4_W0587
0.17492720318958951,0.514335844545533,0,Abnormal,200W_S19_CCW_R4_W0408
0.10347516303916045,0.7543469482621803,0,Abnormal,100W_S07_CW_R4_W0150
0.06446568812551187,1.0665294654715893,0,Abnormal,100W_S19_CW_R4_W0264
0.19223571790072275,1.0248113959791993,0,Abnormal,200W_S04_CW_R4_W0529
0.20035197260658158,1.3426563981577209,0,Abnormal,200W_S04_CW_R4_W0525
0.15203869763842653,0.576028001176506,0,Abnormal,200W_S10_CCW_R4_W0332
0.09450481493035273,1.214762052703401,0,Abnormal,100W_S09_CCW_R4_W0180
0.12651997339224808,1.5155851507136235,0,Abnormal,100W_S07_CCW_R4_W0141
0.13408828612610954,1.669217732207338,0,Abnormal,100W_S07_CW_R4_W0146
0.12609094187734088,1.3224406777948285,0,Abnormal,100W_S20_CCW_R4_W0280
0.15419838445135903,0.21974603503787105,0,Abnormal,200W_S07_CCW_R4_W0585
0.14302532509011584,0.8493655006507836,0,Abnormal,100W_S17_CW_R4_W0226
0.24948931220254378,3.0868219805583816,0,Abnormal,200W_S08_CW_R4_W0627
0.1298129433491597,0.32688492033033256,0,Abnormal,200W_S07_CCW_R4_W0586
0.8995233003790128,1.3482247001526337,0,Abnormal,200W_S01_CCW_R4_W0298
0.18592638681480286,1.5540108298002897,0,Abnormal,200W_S10_CW_R4_W0345
0.14288419841896363,0.9926963582925747,0,Abnormal,100W_S18_CCW_R4_W0244
0.12286085796767024,2.0957341057672387,0,Abnormal,100W_S07_CCW_R4_W0135
0.14562491507683684,0.3076386197707075,0,Abnormal,100W_S02_CCW_R4_W0035
0.11174496902470389,0.8084821511281723,1,Normal,100W_S06_CW_R4_W0133
0.10625729470419058,0.7054633573141484,0,Abnormal,100W_S07_CW_R4_W0151
0.12557232079758215,0.2137062864766479,0,Abnormal,100W_S03_CW_R4_W0064
2.5335429775115275,1.57043197392494,0,Abnormal,200W_S01_CCW_R4_W0304
0.13605185518039858,1.7617211862834745,0,Abnormal,100W_S17_CW_R4_W0234
0.15904743501804505,2.7691382793637853,1,Normal,200W_S02_CW_R4_W0459
0.1601245776569726,0.604253547630698,1,Normal,200W_S03_CCW_R4_W0498
0.19074477736070444,0.15520851935770397,0,Abnormal,200W_S19_CCW_R4_W0407
0.13910352819428395,0.9774326195742411,1,Normal,100W_S06_CW_R4_W0125
0.15734160207020112,1.2197370951444029,0,Abnormal,200W_S06_CW_R4_W0571
0.4873058983443933,1.7644260398990248,0,Abnormal,200W_S08_CW_R4_W0621
0.133939389535762,1.8531542534948917,1,Normal,200W_S02_CW_R4_W0421
0.1731223184472811,0.7506271181771207,1,Normal,200W_S03_CW_R4_W0509
0.13224329412315391,1.1142890995816401,0,Abnormal,100W_S07_CCW_R4_W0139
0.16135829443448063,0.33179089138700935,1,Normal,100W_S01_CW_R4_W0025
0.13866049596370036,1.5998570677874167,0,Abnormal,100W_S18_CCW_R4_W0238
0.13247798576256045,0.4289718192727978,0,Abnormal,200W_S17_CCW_R4_W0361
0.20205340020732723,1.0122378296623928,1,Normal,200W_S03_CW_R4_W0510
0.16956693310029733,0.4525238313572473,0,Abnormal,200W_S10_CCW_R4_W0334
0.15956982885230492,3.0606431639015703,0,Abnormal,200W_S07_CW_R4_W0600
0.1214445522147863,0.4688033918898391,1,Normal,100W_S06_CW_R4_W0128
0.2006445793034733,0.7771526916500018,0,Abnormal,200W_S10_CW_R4_W0340
0.13036997640476025,1.5534434004799724,0,Abnormal,100W_S18_CCW_R4_W0239
0.09816957083124471,1.0282506865215577,0,Abnormal,100W_S09_CW_R4_W0185
0.03448068811270461,0.019072382007336852,1,Normal,200W_S02_CW_R4_W0434
2.4008902345530103,2.576168399088184,0,Abnormal,200W_S01_CCW_R4_W0310
0.1675835596186081,2.8533991022393765,1,Normal,200W_S02_CW_R4_W0463
0.18162483041938582,0.32335235455092803,0,Abnormal,200W_S19_CCW_R4_W0405
0.14758288612583947,1.6894700165431882,0,Abnormal,100W_S18_CW_R4_W0248
0.17201478680852633,-0.1591985330339849,0,Abnormal,100W_S02_CCW_R4_W0040
1.131473124386537,4.766169431079723,0,Abnormal,200W_S01_CW_R4_W0323
0.1953536225889534,0.16895258405514957,0,Abnormal,200W_S09_CCW_R4_W0631
0.19220032496462133,2.252864301679401,1,Normal,200W_S02_CW_R4_W0424
1.2917659110804984,2.057690195800184,0,Abnormal,200W_S01_CCW_R4_W0301
0.24658523275494118,2.8353481642659792,0,Abnormal,200W_S08_CW_R4_W0619
2.408085036579834,2.3022649818414305,0,Abnormal,200W_S01_CCW_R4_W0314
0.07212804615450388,0.6257589774428256,0,Abnormal,100W_S09_CW_R4_W0187
0.23228486472353613,0.7096743887601189,1,Normal,200W_S02_CW_R4_W0423
0.15880866282318226,0.10319626533676729,0,Abnormal,200W_S17_CCW_R4_W0358
0.12204880815130352,2.1778158187808856,1,Normal,100W_S06_CW_R4_W0124
0.1553453687294329,0.3929613443886595,0,Abnormal,100W_S02_CW_R4_W0048
0.15092031825347507,0.11067288537320108,0,Abnormal,100W_S03_CCW_R4_W0063
0.2065779370444515,0.08273355534223104,0,Abnormal,200W_S09_CCW_R4_W0635
0.12797643783110282,0.4244105366676312,0,Abnormal,100W_S03_CCW_R4_W0061
0.17181941037312412,0.19263982753534936,0,Abnormal,100W_S02_CCW_R4_W0043
0.12204880815130352,2.1778158187808856,1,Normal,100W_S06_CW_R4_W0124
0.09912210321518941,0.9988736298786289,1,Normal,100W_S05_CW_R4_W0110
0.15999503344867153,0.833627123005948,0,Abnormal,200W_S10_CW_R4_W0339
0.10791643145429063,0.7343101005320718,0,Abnormal,100W_S09_CCW_R4_W0179
0.13570696837797552,1.1197245433196565,0,Abnormal,100W_S17_CW_R4_W0227
0.11667942956558655,0.6931374950319951,1,Normal,100W_S06_CW_R4_W0126
1.2561267034269308,1.7344549967333638,0,Abnormal,200W_S01_CCW_R4_W0308
0.13359742436306726,0.13477461382477118,0,Abnormal,100W_S02_CCW_R4_W0034
0.1533483990653592,1.7951768268696746,0,Abnormal,100W_S18_CW_R4_W0251
0.15843490383423647,0.19936785906426424,0,Abnormal,200W_S07_CCW_R4_W0589
0.14940368729624184,0.5868355187924323,0,Abnormal,100W_S03_CW_R4_W0065
0.19231847953064424,0.19216988167325688,0,Abnormal,200W_S19_CCW_R4_W0403
0.10589595867424419,1.6097473624528718,0,Abnormal,100W_S20_CCW_R4_W0278
0.2166201380067191,0.5117686898110501,0,Abnormal,200W_S04_CCW_R4_W0524
0.16985068994604968,0.34374908146699035,0,Abnormal,200W_S10_CCW_R4_W0338
0.10339451898599483,0.5357174643027753,0,Abnormal,100W_S17_CW_R4_W0232
2.3757783521646876,2.5021623936750617,0,Abnormal,200W_S01_CCW_R4_W0303
0.10722321512834113,0.8480675913659828,1,Normal,100W_S05_CCW_R4_W0098
0.10063127031601607,1.6729646064999866,1,Normal,100W_S05_CW_R4_W0104
0.15985980795415555,2.33619486510932,1,Normal,200W_S03_CW_R4_W0507
0.14347089972008822,0.25480939490809185,0,Abnormal,200W_S17_CCW_R4_W0354
0.18323630227788995,0.4933133736803459,1,Normal,100W_S01_CCW_R4_W0021
0.3623915982054927,1.0619343253845877,0,Abnormal,200W_S18_CW_R4_W0390
0.11019705669542665,1.2784459520659626,1,Normal,100W_S05_CW_R4_W0113
0.1503893700116834,2.5352350223481572,0,Abnormal,200W_S07_CW_R4_W0604
1.9071737784524483,0.7377954069532153,0,Abnormal,200W_S01_CW_R4_W0325
0.13384876988085898,1.1462543836901737,0,Abnormal,100W_S07_CW_R4_W0148
0.3681932191604474,3.0969363076306973,0,Abnormal,200W_S08_CW_R4_W0624
0.15216966739383175,3.349277492748107,1,Normal,200W_S02_CW_R4_W0470
0.1637650301463788,0.26713120051754435,0,Abnormal,200W_S09_CCW_R4_W0638
0.16135829443448063,0.33179089138700935,1,Normal,100W_S01_CW_R4_W0025
0.15619387264839213,0.1008471563306137,0,Abnormal,100W_S03_CCW_R4_W0062
0.21378091060563661,0.870744403030308,1,Normal,200W_S02_CW_R4_W0449
0.18585902019082856,0.23649128910605288,1,Normal,100W_S01_CCW_R4_W0017
0.12906246208663222,1.356051254644659,0,Abnormal,100W_S18_CW_R4_W0245
0.17131604559189095,0.6233007988963517,0,Abnormal,200W_S10_CW_R4_W0343
0.13850215990244635,0.43029868662830983,0,Abnormal,200W_S06_CW_R4_W0581
0.10482979126684662,0.33407337500088286,1,Normal,100W_S05_CCW_R4_W0097
